Draw,Motivo,SVI,Timestamp
"[1, 2, 3, 4, 5, 6]",Combinación inválida,0.0,2025-08-15 18:36:22.375541
"[1, 2, 3, 4, 5, 6]",Combinación inválida,0.0,2025-08-15 18:36:22.375991
"[1, 2, 3, 4, 5, 6]",Combinación inválida,0.0,2025-08-15 18:36:22.378527
"[1, 2, 3, 4, 5, 6]",Combinación inválida,0.0,2025-08-15 18:36:22.378916
"[1, 2, 3, 4, 5, 6]",Combinación inválida,0.0,2025-08-15 18:36:22.379265
"[1, 2, 3, 4, 5, 6]",Combinación inválida,0.0,2025-08-15 18:36:22.379610
"[1, 2, 3, 4, 5, 6]",Combinación inválida,0.0,2025-08-15 18:36:22.379951
"[1, 2, 3, 4, 5, 6]",Combinación inválida,0.0,2025-08-15 18:36:22.380292
"[1, 2, 3, 4, 5, 6]",Combinación inválida,0.0,2025-08-15 18:36:22.380634
"[1, 2, 3, 4, 5, 6]",Combinación inválida,0.0,2025-08-15 18:36:22.380973
"[1, 2, 3, 4, 5, 6]",Combinación inválida,0.0,2025-08-15 18:36:22.381311
"[1, 2, 3, 4, 5, 6]",Combinación inválida,0.0,2025-08-15 18:36:22.381645
"[1, 2, 3, 4, 5, 6]",Combinación inválida,0.0,2025-08-15 18:36:22.381980
"[1, 2, 3, 4, 5, 6]",Combinación inválida,0.0,2025-08-15 18:36:22.382307
"[1, 2, 3, 4, 5, 6]",Combinación inválida,0.0,2025-08-15 18:36:22.382629
"[1, 2, 3, 4, 5, 6]",Combinación inválida,0.0,2025-08-15 18:36:22.382952
"[1, 2, 3, 4, 5, 6]",Combinación inválida,0.0,2025-08-15 18:36:22.383274
"[1, 2, 3, 4, 5, 6]",Combinación inválida,0.0,2025-08-15 18:36:22.383596
"[1, 2, 3, 4, 5, 6]",Combinación inválida,0.0,2025-08-15 18:36:22.383917
"[1, 2, 3, 4, 5, 6]",Combinación inválida,0.0,2025-08-15 18:36:22.384237
"[1, 2, 3, 4, 5, 6]",Combinación inválida,0.0,2025-08-15 18:36:22.384556
"[1, 2, 3, 4, 5, 6]",Combinación inválida,0.0,2025-08-15 18:36:22.384876
"[1, 2, 3, 4, 5, 6]",Combinación inválida,0.0,2025-08-15 18:36:22.385193
"[1, 2, 3, 4, 5, 6]",Combinación inválida,0.0,2025-08-15 18:36:22.385513
"[1, 2, 3, 4, 5, 6]",Combinación inválida,0.0,2025-08-15 18:36:22.385832
"[1, 2, 3, 4, 5, 6]",Combinación inválida,0.0,2025-08-15 18:36:22.386153
"[1, 2, 3, 4, 5, 6]",Combinación inválida,0.0,2025-08-15 18:36:22.386473
"[1, 2, 3, 4, 5, 6]",Combinación inválida,0.0,2025-08-15 18:36:22.386794
"[1, 2, 3, 4, 5, 6]",Combinación inválida,0.0,2025-08-15 18:36:22.387114
"[1, 2, 3, 4, 5, 6]",Combinación inválida,0.0,2025-08-15 18:36:22.387433
"[1, 2, 3, 4, 5, 6]",Combinación inválida,0.0,2025-08-15 18:36:22.387751
"[1, 2, 3, 4, 5, 6]",Combinación inválida,0.0,2025-08-15 18:36:22.388070
"[1, 2, 3, 4, 5, 6]",Combinación inválida,0.0,2025-08-15 18:36:22.388387
"[1, 2, 3, 4, 5, 6]",Combinación inválida,0.0,2025-08-15 18:36:22.388705
"[1, 2, 3, 4, 5, 6]",Combinación inválida,0.0,2025-08-15 18:36:22.389022
"[1, 2, 3, 4, 5, 6]",Combinación inválida,0.0,2025-08-15 18:36:22.389341
"[1, 2, 3, 4, 5, 6]",Combinación inválida,0.0,2025-08-15 18:36:22.389656
"[1, 2, 3, 4, 5, 6]",Combinación inválida,0.0,2025-08-15 18:36:22.389971
"[1, 2, 3, 4, 5, 6]",Combinación inválida,0.0,2025-08-15 18:36:22.390298
"[1, 2, 3, 4, 5, 6]",Combinación inválida,0.0,2025-08-15 18:36:22.390618
"[1, 2, 3, 4, 5, 6]",Combinación inválida,0.0,2025-08-15 18:36:22.390932
"[1, 2, 3, 4, 5, 6]",Combinación inválida,0.0,2025-08-15 18:36:22.391248
"[1, 2, 3, 4, 5, 6]",Combinación inválida,0.0,2025-08-15 18:36:22.391563
"[1, 2, 3, 4, 5, 6]",Combinación inválida,0.0,2025-08-15 18:36:22.391879
"[1, 2, 3, 4, 5, 6]",Combinación inválida,0.0,2025-08-15 18:36:22.392192
"[1, 2, 3, 4, 5, 6]",Combinación inválida,0.0,2025-08-15 18:36:22.392506
"[1, 2, 3, 4, 5, 6]",Combinación inválida,0.0,2025-08-15 18:36:22.392823
"[1, 2, 3, 4, 5, 6]",Combinación inválida,0.0,2025-08-15 18:36:22.393137
"[1, 2, 3, 4, 5, 6]",Combinación inválida,0.0,2025-08-15 18:36:22.393453
"[1, 2, 3, 4, 5, 6]",Combinación inválida,0.0,2025-08-15 18:36:22.393766
"[1, 2, 3, 4, 5, 6]",Combinación inválida,0.0,2025-08-15 18:36:22.394084
"[1, 2, 3, 4, 5, 6]",Combinación inválida,0.0,2025-08-15 18:36:22.394400
"[1, 2, 3, 4, 5, 6]",Combinación inválida,0.0,2025-08-15 18:36:22.394715
"[1, 2, 3, 4, 5, 6]",Combinación inválida,0.0,2025-08-15 18:36:22.395028
"[1, 2, 3, 4, 5, 6]",Combinación inválida,0.0,2025-08-15 18:36:22.395343
"[1, 2, 3, 4, 5, 6]",Combinación inválida,0.0,2025-08-15 18:36:22.395657
"[1, 2, 3, 4, 5, 6]",Combinación inválida,0.0,2025-08-15 18:36:22.395970
"[1, 2, 3, 4, 5, 6]",Combinación inválida,0.0,2025-08-15 18:36:22.396289
"[1, 2, 3, 4, 5, 6]",Combinación inválida,0.0,2025-08-15 18:36:22.396608
"[1, 2, 3, 4, 5, 6]",Combinación inválida,0.0,2025-08-15 18:36:22.396918
"[1, 2, 3, 4, 5, 6]",Combinación inválida,0.0,2025-08-15 18:36:22.397233
"[1, 2, 3, 4, 5, 6]",Combinación inválida,0.0,2025-08-15 18:36:22.397554
"[1, 2, 3, 4, 5, 6]",Combinación inválida,0.0,2025-08-15 18:36:22.397873
"[1, 2, 3, 4, 5, 6]",Combinación inválida,0.0,2025-08-15 18:36:22.398190
"[1, 2, 3, 4, 5, 6]",Combinación inválida,0.0,2025-08-15 18:36:22.398506
"[1, 2, 3, 4, 5, 6]",Combinación inválida,0.0,2025-08-15 18:36:22.398821
"[1, 2, 3, 4, 5, 6]",Combinación inválida,0.0,2025-08-15 18:36:22.399137
"[1, 2, 3, 4, 5, 6]",Combinación inválida,0.0,2025-08-15 18:36:22.399452
"[1, 2, 3, 4, 5, 6]",Combinación inválida,0.0,2025-08-15 18:36:22.399767
"[1, 2, 3, 4, 5, 6]",Combinación inválida,0.0,2025-08-15 18:36:22.400081
"[1, 2, 3, 4, 5, 6]",Combinación inválida,0.0,2025-08-15 18:36:22.400397
"[1, 2, 3, 4, 5, 6]",Combinación inválida,0.0,2025-08-15 18:36:22.400713
"[1, 2, 3, 4, 5, 6]",Combinación inválida,0.0,2025-08-15 18:36:22.401029
"[1, 2, 3, 4, 5, 6]",Combinación inválida,0.0,2025-08-15 18:36:22.401344
"[1, 2, 3, 4, 5, 6]",Combinación inválida,0.0,2025-08-15 18:36:22.401655
"[1, 2, 3, 4, 5, 6]",Combinación inválida,0.0,2025-08-15 18:36:22.401970
"[1, 2, 3, 4, 5, 6]",Combinación inválida,0.0,2025-08-15 18:36:22.402283
"[1, 2, 3, 4, 5, 6]",Combinación inválida,0.0,2025-08-15 18:36:22.402599
"[1, 2, 3, 4, 5, 6]",Combinación inválida,0.0,2025-08-15 18:36:22.402915
"[1, 2, 3, 4, 5, 6]",Combinación inválida,0.0,2025-08-15 18:36:22.403229
"[1, 2, 3, 4, 5, 6]",Combinación inválida,0.0,2025-08-15 18:36:22.403542
"[1, 2, 3, 4, 5, 6]",Combinación inválida,0.0,2025-08-15 18:36:22.403853
"[1, 2, 3, 4, 5, 6]",Combinación inválida,0.0,2025-08-15 18:36:22.404168
"[1, 2, 3, 4, 5, 6]",Combinación inválida,0.0,2025-08-15 18:36:22.404482
"[1, 2, 3, 4, 5, 6]",Combinación inválida,0.0,2025-08-15 18:36:22.404796
"[1, 2, 3, 4, 5, 6]",Combinación inválida,0.0,2025-08-15 18:36:22.405107
"[1, 2, 3, 4, 5, 6]",Combinación inválida,0.0,2025-08-15 18:36:22.405429
"[1, 2, 3, 4, 5, 6]",Combinación inválida,0.0,2025-08-15 18:36:22.405741
"[1, 2, 3, 4, 5, 6]",Combinación inválida,0.0,2025-08-15 18:36:22.406068
"[1, 2, 3, 4, 5, 6]",Combinación inválida,0.0,2025-08-15 18:36:22.406380
"[1, 2, 3, 4, 5, 6]",Combinación inválida,0.0,2025-08-15 18:36:22.406694
"[1, 2, 3, 4, 5, 6]",Combinación inválida,0.0,2025-08-15 18:36:22.407008
"[1, 2, 3, 4, 5, 6]",Combinación inválida,0.0,2025-08-15 18:36:22.407321
"[1, 2, 3, 4, 5, 6]",Combinación inválida,0.0,2025-08-15 18:36:22.407634
"[1, 2, 3, 4, 5, 6]",Combinación inválida,0.0,2025-08-15 18:36:22.407946
"[1, 2, 3, 4, 5, 6]",Combinación inválida,0.0,2025-08-15 18:36:22.408261
"[1, 2, 3, 4, 5, 6]",Combinación inválida,0.0,2025-08-15 18:36:22.408577
"[1, 2, 3, 4, 5, 6]",Combinación inválida,0.0,2025-08-15 18:36:22.408889
"[1, 2, 3, 4, 5, 6]",Combinación inválida,0.0,2025-08-15 18:36:22.409203
"[1, 2, 3, 4, 5, 6]",Combinación inválida,0.0,2025-08-15 18:36:22.409515
"[1, 2, 3, 4, 5, 6]",Combinación inválida,0.0,2025-08-15 18:36:22.409831
"[1, 2, 3, 4, 5, 6]",Combinación inválida,0.0,2025-08-15 18:36:22.410143
"[1, 2, 3, 4, 5, 6]",Combinación inválida,0.0,2025-08-15 18:36:22.410457
"[1, 2, 3, 4, 5, 6]",Combinación inválida,0.0,2025-08-15 18:36:22.410769
"[1, 2, 3, 4, 5, 6]",Combinación inválida,0.0,2025-08-15 18:36:22.411084
"[1, 2, 3, 4, 5, 6]",Combinación inválida,0.0,2025-08-15 18:36:22.411397
"[1, 2, 3, 4, 5, 6]",Combinación inválida,0.0,2025-08-15 18:36:22.411716
"[1, 2, 3, 4, 5, 6]",Combinación inválida,0.0,2025-08-15 18:36:22.412030
"[1, 2, 3, 4, 5, 6]",Combinación inválida,0.0,2025-08-15 18:36:22.412429
"[1, 2, 3, 4, 5, 6]",Combinación inválida,0.0,2025-08-15 18:36:22.412746
"[1, 2, 3, 4, 5, 6]",Combinación inválida,0.0,2025-08-15 18:36:22.413061
"[1, 2, 3, 4, 5, 6]",Combinación inválida,0.0,2025-08-15 18:36:22.413375
"[1, 2, 3, 4, 5, 6]",Combinación inválida,0.0,2025-08-15 18:36:22.413689
"[1, 2, 3, 4, 5, 6]",Combinación inválida,0.0,2025-08-15 18:36:22.414001
"[1, 2, 3, 4, 5, 6]",Combinación inválida,0.0,2025-08-15 18:36:22.414318
"[1, 2, 3, 4, 5, 6]",Combinación inválida,0.0,2025-08-15 18:36:22.414631
"[1, 2, 3, 4, 5, 6]",Combinación inválida,0.0,2025-08-15 18:36:22.414944
"[1, 2, 3, 4, 5, 6]",Combinación inválida,0.0,2025-08-15 18:36:22.415259
"[1, 2, 3, 4, 5, 6]",Combinación inválida,0.0,2025-08-15 18:36:22.415571
"[1, 2, 3, 4, 5, 6]",Combinación inválida,0.0,2025-08-15 18:36:22.415885
"[1, 2, 3, 4, 5, 6]",Combinación inválida,0.0,2025-08-15 18:36:22.416198
"[1, 2, 3, 4, 5, 6]",Combinación inválida,0.0,2025-08-15 18:36:22.416509
"[1, 2, 3, 4, 5, 6]",Combinación inválida,0.0,2025-08-15 18:36:22.416836
"[1, 2, 3, 4, 5, 6]",Combinación inválida,0.0,2025-08-15 18:36:22.417152
"[1, 2, 3, 4, 5, 6]",Combinación inválida,0.0,2025-08-15 18:36:22.417472
"[1, 2, 3, 4, 5, 6]",Combinación inválida,0.0,2025-08-15 18:36:22.417784
"[1, 2, 3, 4, 5, 6]",Combinación inválida,0.0,2025-08-15 18:36:22.418099
"[1, 2, 3, 4, 5, 6]",Combinación inválida,0.0,2025-08-15 18:36:22.418412
"[1, 2, 3, 4, 5, 6]",Combinación inválida,0.0,2025-08-15 18:36:22.418725
"[1, 2, 3, 4, 5, 6]",Combinación inválida,0.0,2025-08-15 18:36:22.419036
"[1, 2, 3, 4, 5, 6]",Combinación inválida,0.0,2025-08-15 18:36:22.419349
"[1, 2, 3, 4, 5, 6]",Combinación inválida,0.0,2025-08-15 18:36:22.419662
"[1, 2, 3, 4, 5, 6]",Combinación inválida,0.0,2025-08-15 18:36:22.419977
"[1, 2, 3, 4, 5, 6]",Combinación inválida,0.0,2025-08-15 18:36:22.420292
"[1, 2, 3, 4, 5, 6]",Combinación inválida,0.0,2025-08-15 18:36:22.420608
"[1, 2, 3, 4, 5, 6]",Combinación inválida,0.0,2025-08-15 18:36:22.420922
"[1, 2, 3, 4, 5, 6]",Combinación inválida,0.0,2025-08-15 18:36:22.421243
"[1, 2, 3, 4, 5, 6]",Combinación inválida,0.0,2025-08-15 18:36:22.421552
"[1, 2, 3, 4, 5, 6]",Combinación inválida,0.0,2025-08-15 18:36:22.421872
"[1, 2, 3, 4, 5, 6]",Combinación inválida,0.0,2025-08-15 18:36:22.422188
"[1, 2, 3, 4, 5, 6]",Combinación inválida,0.0,2025-08-15 18:36:22.422503
"[1, 2, 3, 4, 5, 6]",Combinación inválida,0.0,2025-08-15 18:36:22.422815
"[1, 2, 3, 4, 5, 6]",Combinación inválida,0.0,2025-08-15 18:36:22.423127
"[1, 2, 3, 4, 5, 6]",Combinación inválida,0.0,2025-08-15 18:36:22.423440
"[1, 2, 3, 4, 5, 6]",Combinación inválida,0.0,2025-08-15 18:36:22.423755
"[1, 2, 3, 4, 5, 6]",Combinación inválida,0.0,2025-08-15 18:36:22.424069
"[1, 2, 3, 4, 5, 6]",Combinación inválida,0.0,2025-08-15 18:36:22.424382
"[1, 2, 3, 4, 5, 6]",Combinación inválida,0.0,2025-08-15 18:36:22.424696
"[1, 2, 3, 4, 5, 6]",Combinación inválida,0.0,2025-08-15 18:36:22.425006
"[1, 2, 3, 4, 5, 6]",Combinación inválida,0.0,2025-08-15 18:36:22.425319
"[1, 2, 3, 4, 5, 6]",Combinación inválida,0.0,2025-08-15 18:36:22.425635
"[1, 2, 3, 4, 5, 6]",Combinación inválida,0.0,2025-08-15 18:36:22.425950
"[1, 2, 3, 4, 5, 6]",Combinación inválida,0.0,2025-08-15 18:36:22.426263
"[1, 2, 3, 4, 5, 6]",Combinación inválida,0.0,2025-08-15 18:36:22.426575
"[1, 2, 3, 4, 5, 6]",Combinación inválida,0.0,2025-08-15 18:36:22.426890
"[1, 2, 3, 4, 5, 6]",Combinación inválida,0.0,2025-08-15 18:36:22.427206
"[1, 2, 3, 4, 5, 6]",Combinación inválida,0.0,2025-08-15 18:36:22.427517
"[1, 2, 3, 4, 5, 6]",Combinación inválida,0.0,2025-08-15 18:36:22.427831
"[1, 2, 3, 4, 5, 6]",Combinación inválida,0.0,2025-08-15 18:36:22.428146
"[1, 2, 3, 4, 5, 6]",Combinación inválida,0.0,2025-08-15 18:36:22.428464
"[1, 2, 3, 4, 5, 6]",Combinación inválida,0.0,2025-08-15 18:36:22.428779
"[1, 2, 3, 4, 5, 6]",Combinación inválida,0.0,2025-08-15 18:36:22.429091
"[1, 2, 3, 4, 5, 6]",Combinación inválida,0.0,2025-08-15 18:36:22.429402
"[1, 2, 3, 4, 5, 6]",Combinación inválida,0.0,2025-08-15 18:36:22.429719
"[1, 2, 3, 4, 5, 6]",Combinación inválida,0.0,2025-08-15 18:36:22.430031
"[1, 2, 3, 4, 5, 6]",Combinación inválida,0.0,2025-08-15 18:36:22.430345
"[1, 2, 3, 4, 5, 6]",Combinación inválida,0.0,2025-08-15 18:36:22.430655
"[1, 2, 3, 4, 5, 6]",Combinación inválida,0.0,2025-08-15 18:36:22.430972
"[1, 2, 3, 4, 5, 6]",Combinación inválida,0.0,2025-08-15 18:36:22.431282
"[1, 2, 3, 4, 5, 6]",Combinación inválida,0.0,2025-08-15 18:36:22.431596
"[1, 2, 3, 4, 5, 6]",Combinación inválida,0.0,2025-08-15 18:36:22.431906
"[1, 2, 3, 4, 5, 6]",Combinación inválida,0.0,2025-08-15 18:36:22.432219
"[1, 2, 3, 4, 5, 6]",Combinación inválida,0.0,2025-08-15 18:36:22.432540
"[1, 2, 3, 4, 5, 6]",Combinación inválida,0.0,2025-08-15 18:36:22.432856
"[1, 2, 3, 4, 5, 6]",Combinación inválida,0.0,2025-08-15 18:36:22.433168
"[1, 2, 3, 4, 5, 6]",Combinación inválida,0.0,2025-08-15 18:36:22.433481
"[1, 2, 3, 4, 5, 6]",Combinación inválida,0.0,2025-08-15 18:36:22.433792
"[1, 2, 3, 4, 5, 6]",Combinación inválida,0.0,2025-08-15 18:36:22.434106
"[1, 2, 3, 4, 5, 6]",Combinación inválida,0.0,2025-08-15 18:36:22.434418
"[1, 2, 3, 4, 5, 6]",Combinación inválida,0.0,2025-08-15 18:36:22.434736
"[1, 2, 3, 4, 5, 6]",Combinación inválida,0.0,2025-08-15 18:36:22.435048
"[1, 2, 3, 4, 5, 6]",Combinación inválida,0.0,2025-08-15 18:36:22.435363
"[1, 2, 3, 4, 5, 6]",Combinación inválida,0.0,2025-08-15 18:36:22.435673
"[1, 2, 3, 4, 5, 6]",Combinación inválida,0.0,2025-08-15 18:36:22.435989
"[1, 2, 3, 4, 5, 6]",Combinación inválida,0.0,2025-08-15 18:36:22.436302
"[1, 2, 3, 4, 5, 6]",Combinación inválida,0.0,2025-08-15 18:36:22.436615
"[1, 2, 3, 4, 5, 6]",Combinación inválida,0.0,2025-08-15 18:36:22.436928
"[1, 2, 3, 4, 5, 6]",Combinación inválida,0.0,2025-08-15 18:36:22.437240
"[1, 2, 3, 4, 5, 6]",Combinación inválida,0.0,2025-08-15 18:36:22.437556
"[1, 2, 3, 4, 5, 6]",Combinación inválida,0.0,2025-08-15 18:36:22.437868
"[1, 2, 3, 4, 5, 6]",Combinación inválida,0.0,2025-08-15 18:36:22.438187
"[1, 2, 3, 4, 5, 6]",Combinación inválida,0.0,2025-08-15 18:36:22.438501
"[1, 2, 3, 4, 5, 6]",Combinación inválida,0.0,2025-08-15 18:36:22.438817
"[1, 2, 3, 4, 5, 6]",Combinación inválida,0.0,2025-08-15 18:36:22.439130
"[1, 2, 3, 4, 5, 6]",Combinación inválida,0.0,2025-08-15 18:36:22.439443
"[1, 2, 3, 4, 5, 6]",Combinación inválida,0.0,2025-08-15 18:36:22.439755
"[1, 2, 3, 4, 5, 6]",Combinación inválida,0.0,2025-08-15 18:36:22.440073
"[1, 2, 3, 4, 5, 6]",Combinación inválida,0.0,2025-08-15 18:36:22.440384
"[1, 2, 3, 4, 5, 6]",Combinación inválida,0.0,2025-08-15 18:36:22.440698
"[1, 2, 3, 4, 5, 6]",Combinación inválida,0.0,2025-08-15 18:36:22.441010
"[1, 2, 3, 4, 5, 6]",Combinación inválida,0.0,2025-08-15 18:36:22.441323
"[1, 2, 3, 4, 5, 6]",Combinación inválida,0.0,2025-08-15 18:36:22.441642
"[1, 2, 3, 4, 5, 6]",Combinación inválida,0.0,2025-08-15 18:36:22.441955
"[1, 2, 3, 4, 5, 6]",Combinación inválida,0.0,2025-08-15 18:36:22.442268
"[1, 2, 3, 4, 5, 6]",Combinación inválida,0.0,2025-08-15 18:36:22.442581
"[1, 2, 3, 4, 5, 6]",Combinación inválida,0.0,2025-08-15 18:36:22.442895
"[1, 2, 3, 4, 5, 6]",Combinación inválida,0.0,2025-08-15 18:36:22.443206
"[1, 2, 3, 4, 5, 6]",Combinación inválida,0.0,2025-08-15 18:36:22.443525
"[1, 2, 3, 4, 5, 6]",Combinación inválida,0.0,2025-08-15 18:36:22.443842
"[1, 2, 3, 4, 5, 6]",Combinación inválida,0.0,2025-08-15 18:36:22.444153
"[1, 2, 3, 4, 5, 6]",Combinación inválida,0.0,2025-08-15 18:36:22.444466
"[1, 2, 3, 4, 5, 6]",Combinación inválida,0.0,2025-08-15 18:36:22.444775
"[1, 2, 3, 4, 5, 6]",Combinación inválida,0.0,2025-08-15 18:36:22.445089
"[1, 2, 3, 4, 5, 6]",Combinación inválida,0.0,2025-08-15 18:36:22.445404
"[1, 2, 3, 4, 5, 6]",Combinación inválida,0.0,2025-08-15 18:36:22.445724
"[1, 2, 3, 4, 5, 6]",Combinación inválida,0.0,2025-08-15 18:36:22.446059
"[1, 2, 3, 4, 5, 6]",Combinación inválida,0.0,2025-08-15 18:36:22.446373
"[1, 2, 3, 4, 5, 6]",Combinación inválida,0.0,2025-08-15 18:36:22.446685
"[1, 2, 3, 4, 5, 6]",Combinación inválida,0.0,2025-08-15 18:36:22.446999
"[1, 2, 3, 4, 5, 6]",Combinación inválida,0.0,2025-08-15 18:36:22.447316
"[1, 2, 3, 4, 5, 6]",Combinación inválida,0.0,2025-08-15 18:36:22.447629
"[1, 2, 3, 4, 5, 6]",Combinación inválida,0.0,2025-08-15 18:36:22.447941
"[1, 2, 3, 4, 5, 6]",Combinación inválida,0.0,2025-08-15 18:36:22.448256
"[1, 2, 3, 4, 5, 6]",Combinación inválida,0.0,2025-08-15 18:36:22.448569
"[1, 2, 3, 4, 5, 6]",Combinación inválida,0.0,2025-08-15 18:36:22.448885
"[1, 2, 3, 4, 5, 6]",Combinación inválida,0.0,2025-08-15 18:36:22.449195
"[1, 2, 3, 4, 5, 6]",Combinación inválida,0.0,2025-08-15 18:36:22.449508
"[1, 2, 3, 4, 5, 6]",Combinación inválida,0.0,2025-08-15 18:36:22.449820
"[1, 2, 3, 4, 5, 6]",Combinación inválida,0.0,2025-08-15 18:36:22.450134
"[1, 2, 3, 4, 5, 6]",Combinación inválida,0.0,2025-08-15 18:36:22.450445
"[1, 2, 3, 4, 5, 6]",Combinación inválida,0.0,2025-08-15 18:36:22.450759
"[1, 2, 3, 4, 5, 6]",Combinación inválida,0.0,2025-08-15 18:36:22.451072
"[1, 2, 3, 4, 5, 6]",Combinación inválida,0.0,2025-08-15 18:36:22.451384
"[1, 2, 3, 4, 5, 6]",Combinación inválida,0.0,2025-08-15 18:36:22.451695
"[1, 2, 3, 4, 5, 6]",Combinación inválida,0.0,2025-08-15 18:36:22.452008
"[1, 2, 3, 4, 5, 6]",Combinación inválida,0.0,2025-08-15 18:36:22.452319
"[1, 2, 3, 4, 5, 6]",Combinación inválida,0.0,2025-08-15 18:36:22.452634
"[1, 2, 3, 4, 5, 6]",Combinación inválida,0.0,2025-08-15 18:36:22.452945
"[1, 2, 3, 4, 5, 6]",Combinación inválida,0.0,2025-08-15 18:36:22.453259
"[1, 2, 3, 4, 5, 6]",Combinación inválida,0.0,2025-08-15 18:36:22.453572
"[1, 2, 3, 4, 5, 6]",Combinación inválida,0.0,2025-08-15 18:36:22.453888
"[1, 2, 3, 4, 5, 6]",Combinación inválida,0.0,2025-08-15 18:36:22.454203
"[1, 2, 3, 4, 5, 6]",Combinación inválida,0.0,2025-08-15 18:36:22.454514
"[1, 2, 3, 4, 5, 6]",Combinación inválida,0.0,2025-08-15 18:36:22.454827
"[1, 2, 3, 4, 5, 6]",Combinación inválida,0.0,2025-08-15 18:36:22.455139
"[1, 2, 3, 4, 5, 6]",Combinación inválida,0.0,2025-08-15 18:36:22.455453
"[1, 2, 3, 4, 5, 6]",Combinación inválida,0.0,2025-08-15 18:36:22.455769
"[1, 2, 3, 4, 5, 6]",Combinación inválida,0.0,2025-08-15 18:36:22.456085
"[1, 2, 3, 4, 5, 6]",Combinación inválida,0.0,2025-08-15 18:36:22.456402
"[1, 2, 3, 4, 5, 6]",Combinación inválida,0.0,2025-08-15 18:36:22.456713
"[1, 2, 3, 4, 5, 6]",Combinación inválida,0.0,2025-08-15 18:36:22.457027
"[1, 2, 3, 4, 5, 6]",Combinación inválida,0.0,2025-08-15 18:36:22.457341
"[1, 2, 3, 4, 5, 6]",Combinación inválida,0.0,2025-08-15 18:36:22.457656
"[1, 2, 3, 4, 5, 6]",Combinación inválida,0.0,2025-08-15 18:36:22.457965
"[1, 2, 3, 4, 5, 6]",Combinación inválida,0.0,2025-08-15 18:36:22.458283
"[1, 2, 3, 4, 5, 6]",Combinación inválida,0.0,2025-08-15 18:36:22.458595
"[1, 2, 3, 4, 5, 6]",Combinación inválida,0.0,2025-08-15 18:36:22.458909
"[1, 2, 3, 4, 5, 6]",Combinación inválida,0.0,2025-08-15 18:36:22.459223
"[1, 2, 3, 4, 5, 6]",Combinación inválida,0.0,2025-08-15 18:36:22.459536
"[1, 2, 3, 4, 5, 6]",Combinación inválida,0.0,2025-08-15 18:36:22.459849
"[1, 2, 3, 4, 5, 6]",Combinación inválida,0.0,2025-08-15 18:36:22.460161
"[1, 2, 3, 4, 5, 6]",Combinación inválida,0.0,2025-08-15 18:36:22.460475
"[1, 2, 3, 4, 5, 6]",Combinación inválida,0.0,2025-08-15 18:36:22.460787
"[1, 2, 3, 4, 5, 6]",Combinación inválida,0.0,2025-08-15 18:36:22.461102
"[1, 2, 3, 4, 5, 6]",Combinación inválida,0.0,2025-08-15 18:36:22.461418
"[1, 2, 3, 4, 5, 6]",Combinación inválida,0.0,2025-08-15 18:36:22.461729
"[1, 2, 3, 4, 5, 6]",Combinación inválida,0.0,2025-08-15 18:36:22.462041
"[1, 2, 3, 4, 5, 6]",Combinación inválida,0.0,2025-08-15 18:36:22.462352
"[1, 2, 3, 4, 5, 6]",Combinación inválida,0.0,2025-08-15 18:36:22.462668
"[1, 2, 3, 4, 5, 6]",Combinación inválida,0.0,2025-08-15 18:36:22.462980
"[1, 2, 3, 4, 5, 6]",Combinación inválida,0.0,2025-08-15 18:36:22.463296
"[1, 2, 3, 4, 5, 6]",Combinación inválida,0.0,2025-08-15 18:36:22.463609
"[1, 2, 3, 4, 5, 6]",Combinación inválida,0.0,2025-08-15 18:36:22.463926
"[1, 2, 3, 4, 5, 6]",Combinación inválida,0.0,2025-08-15 18:36:22.464238
"[1, 2, 3, 4, 5, 6]",Combinación inválida,0.0,2025-08-15 18:36:22.464550
"[1, 2, 3, 4, 5, 6]",Combinación inválida,0.0,2025-08-15 18:36:22.464863
"[1, 2, 3, 4, 5, 6]",Combinación inválida,0.0,2025-08-15 18:36:22.465176
"[1, 2, 3, 4, 5, 6]",Combinación inválida,0.0,2025-08-15 18:36:22.465487
"[1, 2, 3, 4, 5, 6]",Combinación inválida,0.0,2025-08-15 18:36:22.465798
"[1, 2, 3, 4, 5, 6]",Combinación inválida,0.0,2025-08-15 18:36:22.466109
"[1, 2, 3, 4, 5, 6]",Combinación inválida,0.0,2025-08-15 18:36:22.466421
"[1, 2, 3, 4, 5, 6]",Combinación inválida,0.0,2025-08-15 18:36:22.466733
"[1, 2, 3, 4, 5, 6]",Combinación inválida,0.0,2025-08-15 18:36:22.467061
"[1, 2, 3, 4, 5, 6]",Combinación inválida,0.0,2025-08-15 18:36:22.467372
"[1, 2, 3, 4, 5, 6]",Combinación inválida,0.0,2025-08-15 18:36:22.467685
"[1, 2, 3, 4, 5, 6]",Combinación inválida,0.0,2025-08-15 18:36:22.467996
"[1, 2, 3, 4, 5, 6]",Combinación inválida,0.0,2025-08-15 18:36:22.468312
"[1, 2, 3, 4, 5, 6]",Combinación inválida,0.0,2025-08-15 18:36:22.468623
"[1, 2, 3, 4, 5, 6]",Combinación inválida,0.0,2025-08-15 18:36:22.468937
"[1, 2, 3, 4, 5, 6]",Combinación inválida,0.0,2025-08-15 18:36:22.469248
"[1, 2, 3, 4, 5, 6]",Combinación inválida,0.0,2025-08-15 18:36:22.469564
"[1, 2, 3, 4, 5, 6]",Combinación inválida,0.0,2025-08-15 18:36:22.469876
"[1, 2, 3, 4, 5, 6]",Combinación inválida,0.0,2025-08-15 18:36:22.470188
"[1, 2, 3, 4, 5, 6]",Combinación inválida,0.0,2025-08-15 18:36:22.470499
"[1, 2, 3, 4, 5, 6]",Combinación inválida,0.0,2025-08-15 18:36:22.470811
"[1, 2, 3, 4, 5, 6]",Combinación inválida,0.0,2025-08-15 18:36:22.471127
"[1, 2, 3, 4, 5, 6]",Combinación inválida,0.0,2025-08-15 18:36:22.471442
"[1, 2, 3, 4, 5, 6]",Combinación inválida,0.0,2025-08-15 18:36:22.471755
"[1, 2, 3, 4, 5, 6]",Combinación inválida,0.0,2025-08-15 18:36:22.472070
"[1, 2, 3, 4, 5, 6]",Combinación inválida,0.0,2025-08-15 18:36:22.472385
"[1, 2, 3, 4, 5, 6]",Combinación inválida,0.0,2025-08-15 18:36:22.472697
"[1, 2, 3, 4, 5, 6]",Combinación inválida,0.0,2025-08-15 18:36:22.473010
"[1, 2, 3, 4, 5, 6]",Combinación inválida,0.0,2025-08-15 18:36:22.473325
"[1, 2, 3, 4, 5, 6]",Combinación inválida,0.0,2025-08-15 18:36:22.473637
"[1, 2, 3, 4, 5, 6]",Combinación inválida,0.0,2025-08-15 18:36:22.473948
"[1, 2, 3, 4, 5, 6]",Combinación inválida,0.0,2025-08-15 18:36:22.474262
"[1, 2, 3, 4, 5, 6]",Combinación inválida,0.0,2025-08-15 18:36:22.474571
"[1, 2, 3, 4, 5, 6]",Combinación inválida,0.0,2025-08-15 18:36:22.474885
"[1, 2, 3, 4, 5, 6]",Combinación inválida,0.0,2025-08-15 18:36:22.475198
"[1, 2, 3, 4, 5, 6]",Combinación inválida,0.0,2025-08-15 18:36:22.475510
"[1, 2, 3, 4, 5, 6]",Combinación inválida,0.0,2025-08-15 18:36:22.475822
"[1, 2, 3, 4, 5, 6]",Combinación inválida,0.0,2025-08-15 18:36:22.476134
"[1, 2, 3, 4, 5, 6]",Combinación inválida,0.0,2025-08-15 18:36:22.476444
"[1, 2, 3, 4, 5, 6]",Combinación inválida,0.0,2025-08-15 18:36:22.476757
"[1, 2, 3, 4, 5, 6]",Combinación inválida,0.0,2025-08-15 18:36:22.477069
"[1, 2, 3, 4, 5, 6]",Combinación inválida,0.0,2025-08-15 18:36:22.477383
"[1, 2, 3, 4, 5, 6]",Combinación inválida,0.0,2025-08-15 18:36:22.477694
"[1, 2, 3, 4, 5, 6]",Combinación inválida,0.0,2025-08-15 18:36:22.478004
"[1, 2, 3, 4, 5, 6]",Combinación inválida,0.0,2025-08-15 18:36:22.478323
"[1, 2, 3, 4, 5, 6]",Combinación inválida,0.0,2025-08-15 18:36:22.478633
"[1, 2, 3, 4, 5, 6]",Combinación inválida,0.0,2025-08-15 18:36:22.478949
"[1, 2, 3, 4, 5, 6]",Combinación inválida,0.0,2025-08-15 18:36:22.479264
"[1, 2, 3, 4, 5, 6]",Combinación inválida,0.0,2025-08-15 18:36:22.479597
"[1, 2, 3, 4, 5, 6]",Combinación inválida,0.0,2025-08-15 18:36:22.479912
"[1, 2, 3, 4, 5, 6]",Combinación inválida,0.0,2025-08-15 18:36:22.480224
"[1, 2, 3, 4, 5, 6]",Combinación inválida,0.0,2025-08-15 18:36:22.480547
"[1, 2, 3, 4, 5, 6]",Combinación inválida,0.0,2025-08-15 18:36:22.480861
"[1, 2, 3, 4, 5, 6]",Combinación inválida,0.0,2025-08-15 18:36:22.481174
"[1, 2, 3, 4, 5, 6]",Combinación inválida,0.0,2025-08-15 18:36:22.481487
"[1, 2, 3, 4, 5, 6]",Combinación inválida,0.0,2025-08-15 18:36:22.481798
"[1, 2, 3, 4, 5, 6]",Combinación inválida,0.0,2025-08-15 18:36:22.482112
"[1, 2, 3, 4, 5, 6]",Combinación inválida,0.0,2025-08-15 18:36:22.482429
"[1, 2, 3, 4, 5, 6]",Combinación inválida,0.0,2025-08-15 18:36:22.482742
"[1, 2, 3, 4, 5, 6]",Combinación inválida,0.0,2025-08-15 18:36:22.483060
"[1, 2, 3, 4, 5, 6]",Combinación inválida,0.0,2025-08-15 18:36:22.483372
"[1, 2, 3, 4, 5, 6]",Combinación inválida,0.0,2025-08-15 18:36:22.483686
"[1, 2, 3, 4, 5, 6]",Combinación inválida,0.0,2025-08-15 18:36:22.483997
"[1, 2, 3, 4, 5, 6]",Combinación inválida,0.0,2025-08-15 18:36:22.484309
"[1, 2, 3, 4, 5, 6]",Combinación inválida,0.0,2025-08-15 18:36:22.484621
"[1, 2, 3, 4, 5, 6]",Combinación inválida,0.0,2025-08-15 18:36:22.484934
"[1, 2, 3, 4, 5, 6]",Combinación inválida,0.0,2025-08-15 18:36:22.485245
"[1, 2, 3, 4, 5, 6]",Combinación inválida,0.0,2025-08-15 18:36:22.485559
"[1, 2, 3, 4, 5, 6]",Combinación inválida,0.0,2025-08-15 18:36:22.485870
"[1, 2, 3, 4, 5, 6]",Combinación inválida,0.0,2025-08-15 18:36:22.486183
"[1, 2, 3, 4, 5, 6]",Combinación inválida,0.0,2025-08-15 18:36:22.486494
"[1, 2, 3, 4, 5, 6]",Combinación inválida,0.0,2025-08-15 18:36:22.486808
"[1, 2, 3, 4, 5, 6]",Combinación inválida,0.0,2025-08-15 18:36:22.487119
"[1, 2, 3, 4, 5, 6]",Combinación inválida,0.0,2025-08-15 18:36:22.487437
"[1, 2, 3, 4, 5, 6]",Combinación inválida,0.0,2025-08-15 18:36:22.487748
"[1, 2, 3, 4, 5, 6]",Combinación inválida,0.0,2025-08-15 18:36:22.488062
"[1, 2, 3, 4, 5, 6]",Combinación inválida,0.0,2025-08-15 18:36:22.488378
"[1, 2, 3, 4, 5, 6]",Combinación inválida,0.0,2025-08-15 18:36:22.488692
"[1, 2, 3, 4, 5, 6]",Combinación inválida,0.0,2025-08-15 18:36:22.489006
"[1, 2, 3, 4, 5, 6]",Combinación inválida,0.0,2025-08-15 18:36:22.489320
"[1, 2, 3, 4, 5, 6]",Combinación inválida,0.0,2025-08-15 18:36:22.489631
"[1, 2, 3, 4, 5, 6]",Combinación inválida,0.0,2025-08-15 18:36:22.489949
"[1, 2, 3, 4, 5, 6]",Combinación inválida,0.0,2025-08-15 18:36:22.490263
"[1, 2, 3, 4, 5, 6]",Combinación inválida,0.0,2025-08-15 18:36:22.490576
"[1, 2, 3, 4, 5, 6]",Combinación inválida,0.0,2025-08-15 18:36:22.490891
"[1, 2, 3, 4, 5, 6]",Combinación inválida,0.0,2025-08-15 18:36:22.491205
"[1, 2, 3, 4, 5, 6]",Combinación inválida,0.0,2025-08-15 18:36:22.491515
"[1, 2, 3, 4, 5, 6]",Combinación inválida,0.0,2025-08-15 18:36:22.491828
"[1, 2, 3, 4, 5, 6]",Combinación inválida,0.0,2025-08-15 18:36:22.492141
"[1, 2, 3, 4, 5, 6]",Combinación inválida,0.0,2025-08-15 18:36:22.492453
"[1, 2, 3, 4, 5, 6]",Combinación inválida,0.0,2025-08-15 18:36:22.492766
"[1, 2, 3, 4, 5, 6]",Combinación inválida,0.0,2025-08-15 18:36:22.493080
"[1, 2, 3, 4, 5, 6]",Combinación inválida,0.0,2025-08-15 18:36:22.493391
"[1, 2, 3, 4, 5, 6]",Combinación inválida,0.0,2025-08-15 18:36:22.493704
"[1, 2, 3, 4, 5, 6]",Combinación inválida,0.0,2025-08-15 18:36:22.494015
"[1, 2, 3, 4, 5, 6]",Combinación inválida,0.0,2025-08-15 18:36:22.494328
"[1, 2, 3, 4, 5, 6]",Combinación inválida,0.0,2025-08-15 18:36:22.494637
"[1, 2, 3, 4, 5, 6]",Combinación inválida,0.0,2025-08-15 18:36:22.494954
"[1, 2, 3, 4, 5, 6]",Combinación inválida,0.0,2025-08-15 18:36:22.495265
"[1, 2, 3, 4, 5, 6]",Combinación inválida,0.0,2025-08-15 18:36:22.495579
"[1, 2, 3, 4, 5, 6]",Combinación inválida,0.0,2025-08-15 18:36:22.495890
"[1, 2, 3, 4, 5, 6]",Combinación inválida,0.0,2025-08-15 18:36:22.496236
"[1, 2, 3, 4, 5, 6]",Combinación inválida,0.0,2025-08-15 18:36:22.496576
"[1, 2, 3, 4, 5, 6]",Combinación inválida,0.0,2025-08-15 18:36:22.496926
"[1, 2, 3, 4, 5, 6]",Combinación inválida,0.0,2025-08-15 18:36:22.497263
"[1, 2, 3, 4, 5, 6]",Combinación inválida,0.0,2025-08-15 18:36:22.497606
"[1, 2, 3, 4, 5, 6]",Combinación inválida,0.0,2025-08-15 18:36:22.497948
"[1, 2, 3, 4, 5, 6]",Combinación inválida,0.0,2025-08-15 18:36:22.498270
"[1, 2, 3, 4, 5, 6]",Combinación inválida,0.0,2025-08-15 18:36:22.498590
"[1, 2, 3, 4, 5, 6]",Combinación inválida,0.0,2025-08-15 18:36:22.498928
"[1, 2, 3, 4, 5, 6]",Combinación inválida,0.0,2025-08-15 18:36:22.499264
"[1, 2, 3, 4, 5, 6]",Combinación inválida,0.0,2025-08-15 18:36:22.499596
"[1, 2, 3, 4, 5, 6]",Combinación inválida,0.0,2025-08-15 18:36:22.499941
"[1, 2, 3, 4, 5, 6]",Combinación inválida,0.0,2025-08-15 18:36:22.500257
"[1, 2, 3, 4, 5, 6]",Combinación inválida,0.0,2025-08-15 18:36:22.500588
"[1, 2, 3, 4, 5, 6]",Combinación inválida,0.0,2025-08-15 18:36:22.500912
"[1, 2, 3, 4, 5, 6]",Combinación inválida,0.0,2025-08-15 18:36:22.501254
"[1, 2, 3, 4, 5, 6]",Combinación inválida,0.0,2025-08-15 18:36:22.501614
"[1, 2, 3, 4, 5, 6]",Combinación inválida,0.0,2025-08-15 18:36:22.501943
"[1, 2, 3, 4, 5, 6]",Combinación inválida,0.0,2025-08-15 18:36:22.502260
"[1, 2, 3, 4, 5, 6]",Combinación inválida,0.0,2025-08-15 18:36:22.502588
"[1, 2, 3, 4, 5, 6]",Combinación inválida,0.0,2025-08-15 18:36:22.502919
"[1, 2, 3, 4, 5, 6]",Combinación inválida,0.0,2025-08-15 18:36:22.503251
"[1, 2, 3, 4, 5, 6]",Combinación inválida,0.0,2025-08-15 18:36:22.503593
"[1, 2, 3, 4, 5, 6]",Combinación inválida,0.0,2025-08-15 18:36:22.503913
"[1, 2, 3, 4, 5, 6]",Combinación inválida,0.0,2025-08-15 18:36:22.504266
"[1, 2, 3, 4, 5, 6]",Combinación inválida,0.0,2025-08-15 18:36:22.504602
"[1, 2, 3, 4, 5, 6]",Combinación inválida,0.0,2025-08-15 18:36:22.504944
"[1, 2, 3, 4, 5, 6]",Combinación inválida,0.0,2025-08-15 18:36:22.505264
"[1, 2, 3, 4, 5, 6]",Combinación inválida,0.0,2025-08-15 18:36:22.505582
"[1, 2, 3, 4, 5, 6]",Combinación inválida,0.0,2025-08-15 18:36:22.505897
"[1, 2, 3, 4, 5, 6]",Combinación inválida,0.0,2025-08-15 18:36:22.506227
"[1, 2, 3, 4, 5, 6]",Combinación inválida,0.0,2025-08-15 18:36:22.506546
"[1, 2, 3, 4, 5, 6]",Combinación inválida,0.0,2025-08-15 18:36:22.506869
"[1, 2, 3, 4, 5, 6]",Combinación inválida,0.0,2025-08-15 18:36:22.507197
"[1, 2, 3, 4, 5, 6]",Combinación inválida,0.0,2025-08-15 18:36:22.507531
"[1, 2, 3, 4, 5, 6]",Combinación inválida,0.0,2025-08-15 18:36:22.507878
"[1, 2, 3, 4, 5, 6]",Combinación inválida,0.0,2025-08-15 18:36:22.508193
"[1, 2, 3, 4, 5, 6]",Combinación inválida,0.0,2025-08-15 18:36:22.508531
"[1, 2, 3, 4, 5, 6]",Combinación inválida,0.0,2025-08-15 18:36:22.508848
"[1, 2, 3, 4, 5, 6]",Combinación inválida,0.0,2025-08-15 18:36:22.509182
"[1, 2, 3, 4, 5, 6]",Combinación inválida,0.0,2025-08-15 18:36:22.509508
"[1, 2, 3, 4, 5, 6]",Combinación inválida,0.0,2025-08-15 18:36:22.509855
"[1, 2, 3, 4, 5, 6]",Combinación inválida,0.0,2025-08-15 18:36:22.510175
"[1, 2, 3, 4, 5, 6]",Combinación inválida,0.0,2025-08-15 18:36:22.510500
"[1, 2, 3, 4, 5, 6]",Combinación inválida,0.0,2025-08-15 18:36:22.510836
"[1, 2, 3, 4, 5, 6]",Combinación inválida,0.0,2025-08-15 18:36:22.511182
"[1, 2, 3, 4, 5, 6]",Combinación inválida,0.0,2025-08-15 18:36:22.511523
"[1, 2, 3, 4, 5, 6]",Combinación inválida,0.0,2025-08-15 18:36:22.511843
"[1, 2, 3, 4, 5, 6]",Combinación inválida,0.0,2025-08-15 18:36:22.512155
"[1, 2, 3, 4, 5, 6]",Combinación inválida,0.0,2025-08-15 18:36:22.512465
"[1, 2, 3, 4, 5, 6]",Combinación inválida,0.0,2025-08-15 18:36:22.512776
"[1, 2, 3, 4, 5, 6]",Combinación inválida,0.0,2025-08-15 18:36:22.513088
"[1, 2, 3, 4, 5, 6]",Combinación inválida,0.0,2025-08-15 18:36:22.513401
"[1, 2, 3, 4, 5, 6]",Combinación inválida,0.0,2025-08-15 18:36:22.513713
"[1, 2, 3, 4, 5, 6]",Combinación inválida,0.0,2025-08-15 18:36:22.514041
"[1, 2, 3, 4, 5, 6]",Combinación inválida,0.0,2025-08-15 18:36:22.514352
"[1, 2, 3, 4, 5, 6]",Combinación inválida,0.0,2025-08-15 18:36:22.514665
"[1, 2, 3, 4, 5, 6]",Combinación inválida,0.0,2025-08-15 18:36:22.514976
"[1, 2, 3, 4, 5, 6]",Combinación inválida,0.0,2025-08-15 18:36:22.515289
"[1, 2, 3, 4, 5, 6]",Combinación inválida,0.0,2025-08-15 18:36:22.515599
"[1, 2, 3, 4, 5, 6]",Combinación inválida,0.0,2025-08-15 18:36:22.515913
"[1, 2, 3, 4, 5, 6]",Combinación inválida,0.0,2025-08-15 18:36:22.516222
"[1, 2, 3, 4, 5, 6]",Combinación inválida,0.0,2025-08-15 18:36:22.516534
"[1, 2, 3, 4, 5, 6]",Combinación inválida,0.0,2025-08-15 18:36:22.516845
"[1, 2, 3, 4, 5, 6]",Combinación inválida,0.0,2025-08-15 18:36:22.517157
"[1, 2, 3, 4, 5, 6]",Combinación inválida,0.0,2025-08-15 18:36:22.517468
"[1, 2, 3, 4, 5, 6]",Combinación inválida,0.0,2025-08-15 18:36:22.517779
"[1, 2, 3, 4, 5, 6]",Combinación inválida,0.0,2025-08-15 18:36:22.518095
"[1, 2, 3, 4, 5, 6]",Combinación inválida,0.0,2025-08-15 18:36:22.518415
"[1, 2, 3, 4, 5, 6]",Combinación inválida,0.0,2025-08-15 18:36:22.518730
"[1, 2, 3, 4, 5, 6]",Combinación inválida,0.0,2025-08-15 18:36:22.519050
"[1, 2, 3, 4, 5, 6]",Combinación inválida,0.0,2025-08-15 18:36:22.519362
"[1, 2, 3, 4, 5, 6]",Combinación inválida,0.0,2025-08-15 18:36:22.519674
"[1, 2, 3, 4, 5, 6]",Combinación inválida,0.0,2025-08-15 18:36:22.519983
"[1, 2, 3, 4, 5, 6]",Combinación inválida,0.0,2025-08-15 18:36:22.520296
"[1, 2, 3, 4, 5, 6]",Combinación inválida,0.0,2025-08-15 18:36:22.520606
"[1, 2, 3, 4, 5, 6]",Combinación inválida,0.0,2025-08-15 18:36:22.520924
"[1, 2, 3, 4, 5, 6]",Combinación inválida,0.0,2025-08-15 18:36:22.521238
"[1, 2, 3, 4, 5, 6]",Combinación inválida,0.0,2025-08-15 18:36:22.521556
"[1, 2, 3, 4, 5, 6]",Combinación inválida,0.0,2025-08-15 18:36:22.521868
"[1, 2, 3, 4, 5, 6]",Combinación inválida,0.0,2025-08-15 18:36:22.522186
"[1, 2, 3, 4, 5, 6]",Combinación inválida,0.0,2025-08-15 18:36:22.522519
"[1, 2, 3, 4, 5, 6]",Combinación inválida,0.0,2025-08-15 18:36:22.522834
"[1, 2, 3, 4, 5, 6]",Combinación inválida,0.0,2025-08-15 18:36:22.523145
"[1, 2, 3, 4, 5, 6]",Combinación inválida,0.0,2025-08-15 18:36:22.523459
"[1, 2, 3, 4, 5, 6]",Combinación inválida,0.0,2025-08-15 18:36:22.523769
"[1, 2, 3, 4, 5, 6]",Combinación inválida,0.0,2025-08-15 18:36:22.524081
"[1, 2, 3, 4, 5, 6]",Combinación inválida,0.0,2025-08-15 18:36:22.524393
"[1, 2, 3, 4, 5, 6]",Combinación inválida,0.0,2025-08-15 18:36:22.524704
"[1, 2, 3, 4, 5, 6]",Combinación inválida,0.0,2025-08-15 18:36:22.525018
"[1, 2, 3, 4, 5, 6]",Combinación inválida,0.0,2025-08-15 18:36:22.525329
"[1, 2, 3, 4, 5, 6]",Combinación inválida,0.0,2025-08-15 18:36:22.525642
"[1, 2, 3, 4, 5, 6]",Combinación inválida,0.0,2025-08-15 18:36:22.525953
"[1, 2, 3, 4, 5, 6]",Combinación inválida,0.0,2025-08-15 18:36:22.526266
"[1, 2, 3, 4, 5, 6]",Combinación inválida,0.0,2025-08-15 18:36:22.526575
"[1, 2, 3, 4, 5, 6]",Combinación inválida,0.0,2025-08-15 18:36:22.526887
"[1, 2, 3, 4, 5, 6]",Combinación inválida,0.0,2025-08-15 18:36:22.527198
"[1, 2, 3, 4, 5, 6]",Combinación inválida,0.0,2025-08-15 18:36:22.527512
"[1, 2, 3, 4, 5, 6]",Combinación inválida,0.0,2025-08-15 18:36:22.527892
"[1, 2, 3, 4, 5, 6]",Combinación inválida,0.0,2025-08-15 18:36:22.528219
"[1, 2, 3, 4, 5, 6]",Combinación inválida,0.0,2025-08-15 18:36:22.528535
"[1, 2, 3, 4, 5, 6]",Combinación inválida,0.0,2025-08-15 18:36:22.528851
"[1, 2, 3, 4, 5, 6]",Combinación inválida,0.0,2025-08-15 18:36:22.529167
"[1, 2, 3, 4, 5, 6]",Combinación inválida,0.0,2025-08-15 18:36:22.529480
"[1, 2, 3, 4, 5, 6]",Combinación inválida,0.0,2025-08-15 18:36:22.529796
"[1, 2, 3, 4, 5, 6]",Combinación inválida,0.0,2025-08-15 18:36:22.530109
"[1, 2, 3, 4, 5, 6]",Combinación inválida,0.0,2025-08-15 18:36:22.530419
"[1, 2, 3, 4, 5, 6]",Combinación inválida,0.0,2025-08-15 18:36:22.530731
"[1, 2, 3, 4, 5, 6]",Combinación inválida,0.0,2025-08-15 18:36:22.531048
"[1, 2, 3, 4, 5, 6]",Combinación inválida,0.0,2025-08-15 18:36:22.531370
"[1, 2, 3, 4, 5, 6]",Combinación inválida,0.0,2025-08-15 18:36:22.531685
"[1, 2, 3, 4, 5, 6]",Combinación inválida,0.0,2025-08-15 18:36:22.532009
"[1, 2, 3, 4, 5, 6]",Combinación inválida,0.0,2025-08-15 18:36:22.532342
"[1, 2, 3, 4, 5, 6]",Combinación inválida,0.0,2025-08-15 18:36:22.532657
"[1, 2, 3, 4, 5, 6]",Combinación inválida,0.0,2025-08-15 18:36:22.532967
"[1, 2, 3, 4, 5, 6]",Combinación inválida,0.0,2025-08-15 18:36:22.533279
"[1, 2, 3, 4, 5, 6]",Combinación inválida,0.0,2025-08-15 18:36:22.533589
"[1, 2, 3, 4, 5, 6]",Combinación inválida,0.0,2025-08-15 18:36:22.533904
"[1, 2, 3, 4, 5, 6]",Combinación inválida,0.0,2025-08-15 18:36:22.534215
"[1, 2, 3, 4, 5, 6]",Combinación inválida,0.0,2025-08-15 18:36:22.534530
"[1, 2, 3, 4, 5, 6]",Combinación inválida,0.0,2025-08-15 18:36:22.534839
"[1, 2, 3, 4, 5, 6]",Combinación inválida,0.0,2025-08-15 18:36:22.535152
"[1, 2, 3, 4, 5, 6]",Combinación inválida,0.0,2025-08-15 18:36:22.535463
"[1, 2, 3, 4, 5, 6]",Combinación inválida,0.0,2025-08-15 18:36:22.535774
"[1, 2, 3, 4, 5, 6]",Combinación inválida,0.0,2025-08-15 18:36:22.536084
"[1, 2, 3, 4, 5, 6]",Combinación inválida,0.0,2025-08-15 18:36:22.536424
"[1, 2, 3, 4, 5, 6]",Combinación inválida,0.0,2025-08-15 18:36:22.536738
"[1, 2, 3, 4, 5, 6]",Combinación inválida,0.0,2025-08-15 18:36:22.537051
"[1, 2, 3, 4, 5, 6]",Combinación inválida,0.0,2025-08-15 18:36:22.537361
"[1, 2, 3, 4, 5, 6]",Combinación inválida,0.0,2025-08-15 18:36:22.537676
"[1, 2, 3, 4, 5, 6]",Combinación inválida,0.0,2025-08-15 18:36:22.537988
"[1, 2, 3, 4, 5, 6]",Combinación inválida,0.0,2025-08-15 18:36:22.538299
"[1, 2, 3, 4, 5, 6]",Combinación inválida,0.0,2025-08-15 18:36:22.538634
"[1, 2, 3, 4, 5, 6]",Combinación inválida,0.0,2025-08-15 18:36:22.538973
"[1, 2, 3, 4, 5, 6]",Combinación inválida,0.0,2025-08-15 18:36:22.539286
"[1, 2, 3, 4, 5, 6]",Combinación inválida,0.0,2025-08-15 18:36:22.539600
"[1, 2, 3, 4, 5, 6]",Combinación inválida,0.0,2025-08-15 18:36:22.539908
"[1, 2, 3, 4, 5, 6]",Combinación inválida,0.0,2025-08-15 18:36:22.540219
"[1, 2, 3, 4, 5, 6]",Combinación inválida,0.0,2025-08-15 18:36:22.540534
"[1, 2, 3, 4, 5, 6]",Combinación inválida,0.0,2025-08-15 18:36:22.541214
"[1, 2, 3, 4, 5, 6]",Combinación inválida,0.0,2025-08-15 18:36:22.541532
"[1, 2, 3, 4, 5, 6]",Combinación inválida,0.0,2025-08-15 18:36:22.541881
"[1, 2, 3, 4, 5, 6]",Combinación inválida,0.0,2025-08-15 18:36:22.543247
"[1, 2, 3, 4, 5, 6]",Combinación inválida,0.0,2025-08-15 18:36:22.543666
"[1, 2, 3, 4, 5, 6]",Combinación inválida,0.0,2025-08-15 18:36:22.544034
"[1, 2, 3, 4, 5, 6]",Combinación inválida,0.0,2025-08-15 18:36:22.544646
"[1, 2, 3, 4, 5, 6]",Combinación inválida,0.0,2025-08-15 18:36:22.545023
"[1, 2, 3, 4, 5, 6]",Combinación inválida,0.0,2025-08-15 18:36:22.545369
"[1, 2, 3, 4, 5, 6]",Combinación inválida,0.0,2025-08-15 18:36:22.545720
"[1, 2, 3, 4, 5, 6]",Combinación inválida,0.0,2025-08-15 18:36:22.546057
"[1, 2, 3, 4, 5, 6]",Combinación inválida,0.0,2025-08-15 18:36:22.546392
"[1, 2, 3, 4, 5, 6]",Combinación inválida,0.0,2025-08-15 18:36:22.546732
"[1, 2, 3, 4, 5, 6]",Combinación inválida,0.0,2025-08-15 18:36:22.547056
"[1, 2, 3, 4, 5, 6]",Combinación inválida,0.0,2025-08-15 18:36:22.547390
"[1, 2, 3, 4, 5, 6]",Combinación inválida,0.0,2025-08-15 18:36:22.547734
"[1, 2, 3, 4, 5, 6]",Combinación inválida,0.0,2025-08-15 18:36:22.548066
"[1, 2, 3, 4, 5, 6]",Combinación inválida,0.0,2025-08-15 18:36:22.548394
"[1, 2, 3, 4, 5, 6]",Combinación inválida,0.0,2025-08-15 18:36:22.548722
"[1, 2, 3, 4, 5, 6]",Combinación inválida,0.0,2025-08-15 18:36:22.549069
"[1, 2, 3, 4, 5, 6]",Combinación inválida,0.0,2025-08-15 18:36:22.549389
"[1, 2, 3, 4, 5, 6]",Combinación inválida,0.0,2025-08-15 18:36:22.549717
"[1, 2, 3, 4, 5, 6]",Combinación inválida,0.0,2025-08-15 18:36:22.550725
"[1, 2, 3, 4, 5, 6]",Combinación inválida,0.0,2025-08-15 18:36:22.551044
"[1, 2, 3, 4, 5, 6]",Combinación inválida,0.0,2025-08-15 18:36:22.551362
"[1, 2, 3, 4, 5, 6]",Combinación inválida,0.0,2025-08-15 18:36:22.552012
"[1, 2, 3, 4, 5, 6]",Combinación inválida,0.0,2025-08-15 18:36:22.552339
"[1, 2, 3, 4, 5, 6]",Combinación inválida,0.0,2025-08-15 18:36:22.552651
"[1, 2, 3, 4, 5, 6]",Combinación inválida,0.0,2025-08-15 18:36:22.552966
"[1, 2, 3, 4, 5, 6]",Combinación inválida,0.0,2025-08-15 18:36:22.553277
"[1, 2, 3, 4, 5, 6]",Combinación inválida,0.0,2025-08-15 18:36:22.553609
"[1, 2, 3, 4, 5, 6]",Combinación inválida,0.0,2025-08-15 18:36:22.553927
"[1, 2, 3, 4, 5, 6]",Combinación inválida,0.0,2025-08-15 18:36:22.554244
"[1, 2, 3, 4, 5, 6]",Combinación inválida,0.0,2025-08-15 18:36:22.554569
"[1, 2, 3, 4, 5, 6]",Combinación inválida,0.0,2025-08-15 18:36:22.554880
"[1, 2, 3, 4, 5, 6]",Combinación inválida,0.0,2025-08-15 18:36:22.555193
"[1, 2, 3, 4, 5, 6]",Combinación inválida,0.0,2025-08-15 18:36:22.555503
"[1, 2, 3, 4, 5, 6]",Combinación inválida,0.0,2025-08-15 18:36:22.555824
"[1, 2, 3, 4, 5, 6]",Combinación inválida,0.0,2025-08-15 18:36:22.556140
"[1, 2, 3, 4, 5, 6]",Combinación inválida,0.0,2025-08-15 18:36:22.556478
"[1, 2, 3, 4, 5, 6]",Combinación inválida,0.0,2025-08-15 18:36:22.556806
"[1, 2, 3, 4, 5, 6]",Combinación inválida,0.0,2025-08-15 18:36:22.557141
"[1, 2, 3, 4, 5, 6]",Combinación inválida,0.0,2025-08-15 18:36:22.557469
"[1, 2, 3, 4, 5, 6]",Combinación inválida,0.0,2025-08-15 18:36:22.557792
"[1, 2, 3, 4, 5, 6]",Combinación inválida,0.0,2025-08-15 18:36:22.558122
"[1, 2, 3, 4, 5, 6]",Combinación inválida,0.0,2025-08-15 18:36:22.558438
"[1, 2, 3, 4, 5, 6]",Combinación inválida,0.0,2025-08-15 18:36:22.558769
"[1, 2, 3, 4, 5, 6]",Combinación inválida,0.0,2025-08-15 18:36:22.559109
"[1, 2, 3, 4, 5, 6]",Combinación inválida,0.0,2025-08-15 18:36:22.559452
"[1, 2, 3, 4, 5, 6]",Combinación inválida,0.0,2025-08-15 18:36:22.559783
"[1, 2, 3, 4, 5, 6]",Combinación inválida,0.0,2025-08-15 18:36:22.560113
"[1, 2, 3, 4, 5, 6]",Combinación inválida,0.0,2025-08-15 18:36:22.560429
"[1, 2, 3, 4, 5, 6]",Combinación inválida,0.0,2025-08-15 18:36:22.560743
"[1, 2, 3, 4, 5, 6]",Combinación inválida,0.0,2025-08-15 18:36:22.561059
"[1, 2, 3, 4, 5, 6]",Combinación inválida,0.0,2025-08-15 18:36:22.561373
"[1, 2, 3, 4, 5, 6]",Combinación inválida,0.0,2025-08-15 18:36:22.561683
"[1, 2, 3, 4, 5, 6]",Combinación inválida,0.0,2025-08-15 18:36:22.561996
"[1, 2, 3, 4, 5, 6]",Combinación inválida,0.0,2025-08-15 18:36:22.562311
"[1, 2, 3, 4, 5, 6]",Combinación inválida,0.0,2025-08-15 18:36:22.562621
"[1, 2, 3, 4, 5, 6]",Combinación inválida,0.0,2025-08-15 18:36:22.562937
"[1, 2, 3, 4, 5, 6]",Combinación inválida,0.0,2025-08-15 18:36:22.563251
"[1, 2, 3, 4, 5, 6]",Combinación inválida,0.0,2025-08-15 18:36:22.563577
"[1, 2, 3, 4, 5, 6]",Combinación inválida,0.0,2025-08-15 18:36:22.563893
"[1, 2, 3, 4, 5, 6]",Combinación inválida,0.0,2025-08-15 18:36:22.564204
"[1, 2, 3, 4, 5, 6]",Combinación inválida,0.0,2025-08-15 18:36:22.564521
"[1, 2, 3, 4, 5, 6]",Combinación inválida,0.0,2025-08-15 18:36:22.564841
"[1, 2, 3, 4, 5, 6]",Combinación inválida,0.0,2025-08-15 18:36:22.565165
"[1, 2, 3, 4, 5, 6]",Combinación inválida,0.0,2025-08-15 18:36:22.565485
"[1, 2, 3, 4, 5, 6]",Combinación inválida,0.0,2025-08-15 18:36:22.565802
"[1, 2, 3, 4, 5, 6]",Combinación inválida,0.0,2025-08-15 18:36:22.566113
"[1, 2, 3, 4, 5, 6]",Combinación inválida,0.0,2025-08-15 18:36:22.566434
"[1, 2, 3, 4, 5, 6]",Combinación inválida,0.0,2025-08-15 18:36:22.566776
"[1, 2, 3, 4, 5, 6]",Combinación inválida,0.0,2025-08-15 18:36:22.567097
"[1, 2, 3, 4, 5, 6]",Combinación inválida,0.0,2025-08-15 18:36:22.567410
"[1, 2, 3, 4, 5, 6]",Combinación inválida,0.0,2025-08-15 18:36:22.567723
"[1, 2, 3, 4, 5, 6]",Combinación inválida,0.0,2025-08-15 18:36:22.568031
"[1, 2, 3, 4, 5, 6]",Combinación inválida,0.0,2025-08-15 18:36:22.568360
"[1, 2, 3, 4, 5, 6]",Combinación inválida,0.0,2025-08-15 18:36:22.568962
"[1, 2, 3, 4, 5, 6]",Combinación inválida,0.0,2025-08-15 18:36:22.569305
"[1, 2, 3, 4, 5, 6]",Combinación inválida,0.0,2025-08-15 18:36:22.570003
"[1, 2, 3, 4, 5, 6]",Combinación inválida,0.0,2025-08-15 18:36:22.570336
"[1, 2, 3, 4, 5, 6]",Combinación inválida,0.0,2025-08-15 18:36:22.570705
"[1, 2, 3, 4, 5, 6]",Combinación inválida,0.0,2025-08-15 18:36:22.571077
"[1, 2, 3, 4, 5, 6]",Combinación inválida,0.0,2025-08-15 18:36:22.571680
"[1, 2, 3, 4, 5, 6]",Combinación inválida,0.0,2025-08-15 18:36:22.572158
"[1, 2, 3, 4, 5, 6]",Combinación inválida,0.0,2025-08-15 18:36:22.572498
"[1, 2, 3, 4, 5, 6]",Combinación inválida,0.0,2025-08-15 18:36:22.572823
"[1, 2, 3, 4, 5, 6]",Combinación inválida,0.0,2025-08-15 18:36:22.573157
"[1, 2, 3, 4, 5, 6]",Combinación inválida,0.0,2025-08-15 18:36:22.573498
"[1, 2, 3, 4, 5, 6]",Combinación inválida,0.0,2025-08-15 18:36:22.573964
"[1, 2, 3, 4, 5, 6]",Combinación inválida,0.0,2025-08-15 18:36:22.574377
"[1, 2, 3, 4, 5, 6]",Combinación inválida,0.0,2025-08-15 18:36:22.574739
"[1, 2, 3, 4, 5, 6]",Combinación inválida,0.0,2025-08-15 18:36:22.575067
"[1, 2, 3, 4, 5, 6]",Combinación inválida,0.0,2025-08-15 18:36:22.575848
"[1, 2, 3, 4, 5, 6]",Combinación inválida,0.0,2025-08-15 18:36:22.576184
"[1, 2, 3, 4, 5, 6]",Combinación inválida,0.0,2025-08-15 18:36:22.576757
"[1, 2, 3, 4, 5, 6]",Combinación inválida,0.0,2025-08-15 18:36:22.577171
"[1, 2, 3, 4, 5, 6]",Combinación inválida,0.0,2025-08-15 18:36:22.577484
"[1, 2, 3, 4, 5, 6]",Combinación inválida,0.0,2025-08-15 18:36:22.577798
"[1, 2, 3, 4, 5, 6]",Combinación inválida,0.0,2025-08-15 18:36:22.578109
"[1, 2, 3, 4, 5, 6]",Combinación inválida,0.0,2025-08-15 18:36:22.578419
"[1, 2, 3, 4, 5, 6]",Combinación inválida,0.0,2025-08-15 18:36:22.578731
"[1, 2, 3, 4, 5, 6]",Combinación inválida,0.0,2025-08-15 18:36:22.579039
"[1, 2, 3, 4, 5, 6]",Combinación inválida,0.0,2025-08-15 18:36:22.579373
"[1, 2, 3, 4, 5, 6]",Combinación inválida,0.0,2025-08-15 18:36:22.579685
"[1, 2, 3, 4, 5, 6]",Combinación inválida,0.0,2025-08-15 18:36:22.579994
"[1, 2, 3, 4, 5, 6]",Combinación inválida,0.0,2025-08-15 18:36:22.580309
"[1, 2, 3, 4, 5, 6]",Combinación inválida,0.0,2025-08-15 18:36:22.580620
"[1, 2, 3, 4, 5, 6]",Combinación inválida,0.0,2025-08-15 18:36:22.580932
"[1, 2, 3, 4, 5, 6]",Combinación inválida,0.0,2025-08-15 18:36:22.581241
"[1, 2, 3, 4, 5, 6]",Combinación inválida,0.0,2025-08-15 18:36:22.581572
"[1, 2, 3, 4, 5, 6]",Combinación inválida,0.0,2025-08-15 18:36:22.581891
"[1, 2, 3, 4, 5, 6]",Combinación inválida,0.0,2025-08-15 18:36:22.582210
"[1, 2, 3, 4, 5, 6]",Combinación inválida,0.0,2025-08-15 18:36:22.582536
"[1, 2, 3, 4, 5, 6]",Combinación inválida,0.0,2025-08-15 18:36:22.582868
"[1, 2, 3, 4, 5, 6]",Combinación inválida,0.0,2025-08-15 18:36:22.583177
"[1, 2, 3, 4, 5, 6]",Combinación inválida,0.0,2025-08-15 18:36:22.583488
"[1, 2, 3, 4, 5, 6]",Combinación inválida,0.0,2025-08-15 18:36:22.583798
"[1, 2, 3, 4, 5, 6]",Combinación inválida,0.0,2025-08-15 18:36:22.584108
"[1, 2, 3, 4, 5, 6]",Combinación inválida,0.0,2025-08-15 18:36:22.584419
"[1, 2, 3, 4, 5, 6]",Combinación inválida,0.0,2025-08-15 18:36:22.584729
"[1, 2, 3, 4, 5, 6]",Combinación inválida,0.0,2025-08-15 18:36:22.585041
"[1, 2, 3, 4, 5, 6]",Combinación inválida,0.0,2025-08-15 18:36:22.585353
"[1, 2, 3, 4, 5, 6]",Combinación inválida,0.0,2025-08-15 18:36:22.585665
"[1, 2, 3, 4, 5, 6]",Combinación inválida,0.0,2025-08-15 18:36:22.585974
"[1, 2, 3, 4, 5, 6]",Combinación inválida,0.0,2025-08-15 18:36:22.586285
"[1, 2, 3, 4, 5, 6]",Combinación inválida,0.0,2025-08-15 18:36:22.586596
"[1, 2, 3, 4, 5, 6]",Combinación inválida,0.0,2025-08-15 18:36:22.586912
"[1, 2, 3, 4, 5, 6]",Combinación inválida,0.0,2025-08-15 18:36:22.587224
"[1, 2, 3, 4, 5, 6]",Combinación inválida,0.0,2025-08-15 18:36:22.587553
"[1, 2, 3, 4, 5, 6]",Combinación inválida,0.0,2025-08-15 18:36:22.587864
"[1, 2, 3, 4, 5, 6]",Combinación inválida,0.0,2025-08-15 18:36:22.588177
"[1, 2, 3, 4, 5, 6]",Combinación inválida,0.0,2025-08-15 18:36:22.588498
"[1, 2, 3, 4, 5, 6]",Combinación inválida,0.0,2025-08-15 18:36:22.588810
"[1, 2, 3, 4, 5, 6]",Combinación inválida,0.0,2025-08-15 18:36:22.589120
"[1, 2, 3, 4, 5, 6]",Combinación inválida,0.0,2025-08-15 18:36:22.589431
"[1, 2, 3, 4, 5, 6]",Combinación inválida,0.0,2025-08-15 18:36:22.589747
"[1, 2, 3, 4, 5, 6]",Combinación inválida,0.0,2025-08-15 18:36:22.590213
"[1, 2, 3, 4, 5, 6]",Combinación inválida,0.0,2025-08-15 18:36:22.590571
"[1, 2, 3, 4, 5, 6]",Combinación inválida,0.0,2025-08-15 18:36:22.590909
"[1, 2, 3, 4, 5, 6]",Combinación inválida,0.0,2025-08-15 18:36:22.591237
"[1, 2, 3, 4, 5, 6]",Combinación inválida,0.0,2025-08-15 18:36:22.591592
"[1, 2, 3, 4, 5, 6]",Combinación inválida,0.0,2025-08-15 18:36:22.592252
"[1, 2, 3, 4, 5, 6]",Combinación inválida,0.0,2025-08-15 18:36:22.592588
"[1, 2, 3, 4, 5, 6]",Combinación inválida,0.0,2025-08-15 18:36:22.592922
"[1, 2, 3, 4, 5, 6]",Combinación inválida,0.0,2025-08-15 18:36:22.593260
"[1, 2, 3, 4, 5, 6]",Combinación inválida,0.0,2025-08-15 18:36:22.593613
"[1, 2, 3, 4, 5, 6]",Combinación inválida,0.0,2025-08-15 18:36:22.593957
"[1, 2, 3, 4, 5, 6]",Combinación inválida,0.0,2025-08-15 18:36:22.594282
"[1, 2, 3, 4, 5, 6]",Combinación inválida,0.0,2025-08-15 18:36:22.594611
"[1, 2, 3, 4, 5, 6]",Combinación inválida,0.0,2025-08-15 18:36:22.594943
"[1, 2, 3, 4, 5, 6]",Combinación inválida,0.0,2025-08-15 18:36:22.595351
"[1, 2, 3, 4, 5, 6]",Combinación inválida,0.0,2025-08-15 18:36:22.595728
"[1, 2, 3, 4, 5, 6]",Combinación inválida,0.0,2025-08-15 18:36:22.596062
"[1, 2, 3, 4, 5, 6]",Combinación inválida,0.0,2025-08-15 18:36:22.596385
"[1, 2, 3, 4, 5, 6]",Combinación inválida,0.0,2025-08-15 18:36:22.596821
"[1, 2, 3, 4, 5, 6]",Combinación inválida,0.0,2025-08-15 18:36:22.597148
"[1, 2, 3, 4, 5, 6]",Combinación inválida,0.0,2025-08-15 18:36:22.597953
"[1, 2, 3, 4, 5, 6]",Combinación inválida,0.0,2025-08-15 18:36:22.598276
"[1, 2, 3, 4, 5, 6]",Combinación inválida,0.0,2025-08-15 18:36:22.598746
"[1, 2, 3, 4, 5, 6]",Combinación inválida,0.0,2025-08-15 18:36:22.599139
"[1, 2, 3, 4, 5, 6]",Combinación inválida,0.0,2025-08-15 18:36:22.599453
"[1, 2, 3, 4, 5, 6]",Combinación inválida,0.0,2025-08-15 18:36:22.599765
"[1, 2, 3, 4, 5, 6]",Combinación inválida,0.0,2025-08-15 18:36:22.600079
"[1, 2, 3, 4, 5, 6]",Combinación inválida,0.0,2025-08-15 18:36:22.600389
"[1, 2, 3, 4, 5, 6]",Combinación inválida,0.0,2025-08-15 18:36:22.600700
"[1, 2, 3, 4, 5, 6]",Combinación inválida,0.0,2025-08-15 18:36:22.601009
"[1, 2, 3, 4, 5, 6]",Combinación inválida,0.0,2025-08-15 18:36:22.601322
"[1, 2, 3, 4, 5, 6]",Combinación inválida,0.0,2025-08-15 18:36:22.601631
"[1, 2, 3, 4, 5, 6]",Combinación inválida,0.0,2025-08-15 18:36:22.601942
"[1, 2, 3, 4, 5, 6]",Combinación inválida,0.0,2025-08-15 18:36:22.602253
"[1, 2, 3, 4, 5, 6]",Combinación inválida,0.0,2025-08-15 18:36:22.602565
"[1, 2, 3, 4, 5, 6]",Combinación inválida,0.0,2025-08-15 18:36:22.602874
"[1, 2, 3, 4, 5, 6]",Combinación inválida,0.0,2025-08-15 18:36:22.603184
"[1, 2, 3, 4, 5, 6]",Combinación inválida,0.0,2025-08-15 18:36:22.603494
"[1, 2, 3, 4, 5, 6]",Combinación inválida,0.0,2025-08-15 18:36:22.603804
"[1, 2, 3, 4, 5, 6]",Combinación inválida,0.0,2025-08-15 18:36:22.604113
"[1, 2, 3, 4, 5, 6]",Combinación inválida,0.0,2025-08-15 18:36:22.604424
"[1, 2, 3, 4, 5, 6]",Combinación inválida,0.0,2025-08-15 18:36:22.604731
"[1, 2, 3, 4, 5, 6]",Combinación inválida,0.0,2025-08-15 18:36:22.605040
"[1, 2, 3, 4, 5, 6]",Combinación inválida,0.0,2025-08-15 18:36:22.605350
"[1, 2, 3, 4, 5, 6]",Combinación inválida,0.0,2025-08-15 18:36:22.605666
"[1, 2, 3, 4, 5, 6]",Combinación inválida,0.0,2025-08-15 18:36:22.605976
"[1, 2, 3, 4, 5, 6]",Combinación inválida,0.0,2025-08-15 18:36:22.606302
"[1, 2, 3, 4, 5, 6]",Combinación inválida,0.0,2025-08-15 18:36:22.606616
"[1, 2, 3, 4, 5, 6]",Combinación inválida,0.0,2025-08-15 18:36:22.606928
"[1, 2, 3, 4, 5, 6]",Combinación inválida,0.0,2025-08-15 18:36:22.607236
"[1, 2, 3, 4, 5, 6]",Combinación inválida,0.0,2025-08-15 18:36:22.607550
"[1, 2, 3, 4, 5, 6]",Combinación inválida,0.0,2025-08-15 18:36:22.607876
"[1, 2, 3, 4, 5, 6]",Combinación inválida,0.0,2025-08-15 18:36:22.608196
"[1, 2, 3, 4, 5, 6]",Combinación inválida,0.0,2025-08-15 18:36:22.608514
"[1, 2, 3, 4, 5, 6]",Combinación inválida,0.0,2025-08-15 18:36:22.608834
"[1, 2, 3, 4, 5, 6]",Combinación inválida,0.0,2025-08-15 18:36:22.609172
"[1, 2, 3, 4, 5, 6]",Combinación inválida,0.0,2025-08-15 18:36:22.609499
"[1, 2, 3, 4, 5, 6]",Combinación inválida,0.0,2025-08-15 18:36:22.609813
"[1, 2, 3, 4, 5, 6]",Combinación inválida,0.0,2025-08-15 18:36:22.610124
"[1, 2, 3, 4, 5, 6]",Combinación inválida,0.0,2025-08-15 18:36:22.610432
"[1, 2, 3, 4, 5, 6]",Combinación inválida,0.0,2025-08-15 18:36:22.610742
"[1, 2, 3, 4, 5, 6]",Combinación inválida,0.0,2025-08-15 18:36:22.611094
"[1, 2, 3, 4, 5, 6]",Combinación inválida,0.0,2025-08-15 18:36:22.611428
"[1, 2, 3, 4, 5, 6]",Combinación inválida,0.0,2025-08-15 18:36:22.611760
"[1, 2, 3, 4, 5, 6]",Combinación inválida,0.0,2025-08-15 18:36:22.612078
"[1, 2, 3, 4, 5, 6]",Combinación inválida,0.0,2025-08-15 18:36:22.612388
"[1, 2, 3, 4, 5, 6]",Combinación inválida,0.0,2025-08-15 18:36:22.612700
"[1, 2, 3, 4, 5, 6]",Combinación inválida,0.0,2025-08-15 18:36:22.613007
"[1, 2, 3, 4, 5, 6]",Combinación inválida,0.0,2025-08-15 18:36:22.613318
"[1, 2, 3, 4, 5, 6]",Combinación inválida,0.0,2025-08-15 18:36:22.613630
"[1, 2, 3, 4, 5, 6]",Combinación inválida,0.0,2025-08-15 18:36:22.613940
"[1, 2, 3, 4, 5, 6]",Combinación inválida,0.0,2025-08-15 18:36:22.614250
"[1, 2, 3, 4, 5, 6]",Combinación inválida,0.0,2025-08-15 18:36:22.614602
"[1, 2, 3, 4, 5, 6]",Combinación inválida,0.0,2025-08-15 18:36:22.614927
"[1, 2, 3, 4, 5, 6]",Combinación inválida,0.0,2025-08-15 18:36:22.615238
"[1, 2, 3, 4, 5, 6]",Combinación inválida,0.0,2025-08-15 18:36:22.615588
"[1, 2, 3, 4, 5, 6]",Combinación inválida,0.0,2025-08-15 18:36:22.615899
"[1, 2, 3, 4, 5, 6]",Combinación inválida,0.0,2025-08-15 18:36:22.616209
"[1, 2, 3, 4, 5, 6]",Combinación inválida,0.0,2025-08-15 18:36:22.616516
"[1, 2, 3, 4, 5, 6]",Combinación inválida,0.0,2025-08-15 18:36:22.616829
"[1, 2, 3, 4, 5, 6]",Combinación inválida,0.0,2025-08-15 18:36:22.617547
"[1, 2, 3, 4, 5, 6]",Combinación inválida,0.0,2025-08-15 18:36:22.617869
"[1, 2, 3, 4, 5, 6]",Combinación inválida,0.0,2025-08-15 18:36:22.618189
"[1, 2, 3, 4, 5, 6]",Combinación inválida,0.0,2025-08-15 18:36:22.618506
"[1, 2, 3, 4, 5, 6]",Combinación inválida,0.0,2025-08-15 18:36:22.618826
"[1, 2, 3, 4, 5, 6]",Combinación inválida,0.0,2025-08-15 18:36:22.619145
"[1, 2, 3, 4, 5, 6]",Combinación inválida,0.0,2025-08-15 18:36:22.619455
"[1, 2, 3, 4, 5, 6]",Combinación inválida,0.0,2025-08-15 18:36:22.619767
"[1, 2, 3, 4, 5, 6]",Combinación inválida,0.0,2025-08-15 18:36:22.620081
"[1, 2, 3, 4, 5, 6]",Combinación inválida,0.0,2025-08-15 18:36:22.620400
"[1, 2, 3, 4, 5, 6]",Combinación inválida,0.0,2025-08-15 18:36:22.620710
"[1, 2, 3, 4, 5, 6]",Combinación inválida,0.0,2025-08-15 18:36:22.621022
"[1, 2, 3, 4, 5, 6]",Combinación inválida,0.0,2025-08-15 18:36:22.621336
"[1, 2, 3, 4, 5, 6]",Combinación inválida,0.0,2025-08-15 18:36:22.621654
"[1, 2, 3, 4, 5, 6]",Combinación inválida,0.0,2025-08-15 18:36:22.621970
"[1, 2, 3, 4, 5, 6]",Combinación inválida,0.0,2025-08-15 18:36:22.622287
"[1, 2, 3, 4, 5, 6]",Combinación inválida,0.0,2025-08-15 18:36:22.622607
"[1, 2, 3, 4, 5, 6]",Combinación inválida,0.0,2025-08-15 18:36:22.622924
"[1, 2, 3, 4, 5, 6]",Combinación inválida,0.0,2025-08-15 18:36:22.623240
"[1, 2, 3, 4, 5, 6]",Combinación inválida,0.0,2025-08-15 18:36:22.623591
"[1, 2, 3, 4, 5, 6]",Combinación inválida,0.0,2025-08-15 18:36:22.623904
"[1, 2, 3, 4, 5, 6]",Combinación inválida,0.0,2025-08-15 18:36:22.624219
"[1, 2, 3, 4, 5, 6]",Combinación inválida,0.0,2025-08-15 18:36:22.624532
"[1, 2, 3, 4, 5, 6]",Combinación inválida,0.0,2025-08-15 18:36:22.624853
"[1, 2, 3, 4, 5, 6]",Combinación inválida,0.0,2025-08-15 18:36:22.625162
"[1, 2, 3, 4, 5, 6]",Combinación inválida,0.0,2025-08-15 18:36:22.625495
"[1, 2, 3, 4, 5, 6]",Combinación inválida,0.0,2025-08-15 18:36:22.625828
"[1, 2, 3, 4, 5, 6]",Combinación inválida,0.0,2025-08-15 18:36:22.626179
"[1, 2, 3, 4, 5, 6]",Combinación inválida,0.0,2025-08-15 18:36:22.626532
"[1, 2, 3, 4, 5, 6]",Combinación inválida,0.0,2025-08-15 18:36:22.626862
"[1, 2, 3, 4, 5, 6]",Combinación inválida,0.0,2025-08-15 18:36:22.627201
"[1, 2, 3, 4, 5, 6]",Combinación inválida,0.0,2025-08-15 18:36:22.627538
"[1, 2, 3, 4, 5, 6]",Combinación inválida,0.0,2025-08-15 18:36:22.627864
"[1, 2, 3, 4, 5, 6]",Combinación inválida,0.0,2025-08-15 18:36:22.628176
"[1, 2, 3, 4, 5, 6]",Combinación inválida,0.0,2025-08-15 18:36:22.628526
"[1, 2, 3, 4, 5, 6]",Combinación inválida,0.0,2025-08-15 18:36:22.628870
"[1, 2, 3, 4, 5, 6]",Combinación inválida,0.0,2025-08-15 18:36:22.629208
"[1, 2, 3, 4, 5, 6]",Combinación inválida,0.0,2025-08-15 18:36:22.629538
"[1, 2, 3, 4, 5, 6]",Combinación inválida,0.0,2025-08-15 18:36:22.629865
"[1, 2, 3, 4, 5, 6]",Combinación inválida,0.0,2025-08-15 18:36:22.630194
"[1, 2, 3, 4, 5, 6]",Combinación inválida,0.0,2025-08-15 18:36:22.630529
"[1, 2, 3, 4, 5, 6]",Combinación inválida,0.0,2025-08-15 18:36:22.630868
"[1, 2, 3, 4, 5, 6]",Combinación inválida,0.0,2025-08-15 18:36:22.631188
"[1, 2, 3, 4, 5, 6]",Combinación inválida,0.0,2025-08-15 18:36:22.631502
"[1, 2, 3, 4, 5, 6]",Combinación inválida,0.0,2025-08-15 18:36:22.631816
"[1, 2, 3, 4, 5, 6]",Combinación inválida,0.0,2025-08-15 18:36:22.632132
"[1, 2, 3, 4, 5, 6]",Combinación inválida,0.0,2025-08-15 18:36:22.632452
"[1, 2, 3, 4, 5, 6]",Combinación inválida,0.0,2025-08-15 18:36:22.632786
"[1, 2, 3, 4, 5, 6]",Combinación inválida,0.0,2025-08-15 18:36:22.633122
"[1, 2, 3, 4, 5, 6]",Combinación inválida,0.0,2025-08-15 18:36:22.633464
"[1, 2, 3, 4, 5, 6]",Combinación inválida,0.0,2025-08-15 18:36:22.633777
"[1, 2, 3, 4, 5, 6]",Combinación inválida,0.0,2025-08-15 18:36:22.634090
"[1, 2, 3, 4, 5, 6]",Combinación inválida,0.0,2025-08-15 18:36:22.634402
"[1, 2, 3, 4, 5, 6]",Combinación inválida,0.0,2025-08-15 18:36:22.634720
"[1, 2, 3, 4, 5, 6]",Combinación inválida,0.0,2025-08-15 18:36:22.635035
"[1, 2, 3, 4, 5, 6]",Combinación inválida,0.0,2025-08-15 18:36:22.635371
"[1, 2, 3, 4, 5, 6]",Combinación inválida,0.0,2025-08-15 18:36:22.635685
"[1, 2, 3, 4, 5, 6]",Combinación inválida,0.0,2025-08-15 18:36:22.636041
"[1, 2, 3, 4, 5, 6]",Combinación inválida,0.0,2025-08-15 18:36:22.636368
"[1, 2, 3, 4, 5, 6]",Combinación inválida,0.0,2025-08-15 18:36:22.636679
"[1, 2, 3, 4, 5, 6]",Combinación inválida,0.0,2025-08-15 18:36:22.636989
"[1, 2, 3, 4, 5, 6]",Combinación inválida,0.0,2025-08-15 18:36:22.637301
"[1, 2, 3, 4, 5, 6]",Combinación inválida,0.0,2025-08-15 18:36:22.637610
"[1, 2, 3, 4, 5, 6]",Combinación inválida,0.0,2025-08-15 18:36:22.637922
"[1, 2, 3, 4, 5, 6]",Combinación inválida,0.0,2025-08-15 18:36:22.638232
"[1, 2, 3, 4, 5, 6]",Combinación inválida,0.0,2025-08-15 18:36:22.638541
"[1, 2, 3, 4, 5, 6]",Combinación inválida,0.0,2025-08-15 18:36:22.638876
"[1, 2, 3, 4, 5, 6]",Combinación inválida,0.0,2025-08-15 18:36:22.639188
"[1, 2, 3, 4, 5, 6]",Combinación inválida,0.0,2025-08-15 18:36:22.639497
"[1, 2, 3, 4, 5, 6]",Combinación inválida,0.0,2025-08-15 18:36:22.639814
"[1, 2, 3, 4, 5, 6]",Combinación inválida,0.0,2025-08-15 18:36:22.640136
"[1, 2, 3, 4, 5, 6]",Combinación inválida,0.0,2025-08-15 18:36:22.640455
"[1, 2, 3, 4, 5, 6]",Combinación inválida,0.0,2025-08-15 18:36:22.640775
"[1, 2, 3, 4, 5, 6]",Combinación inválida,0.0,2025-08-15 18:36:22.641600
"[1, 2, 3, 4, 5, 6]",Combinación inválida,0.0,2025-08-15 18:36:22.641923
"[1, 2, 3, 4, 5, 6]",Combinación inválida,0.0,2025-08-15 18:36:22.642413
"[1, 2, 3, 4, 5, 6]",Combinación inválida,0.0,2025-08-15 18:36:22.642740
"[1, 2, 3, 4, 5, 6]",Combinación inválida,0.0,2025-08-15 18:36:22.643050
"[1, 2, 3, 4, 5, 6]",Combinación inválida,0.0,2025-08-15 18:36:22.643362
"[1, 2, 3, 4, 5, 6]",Combinación inválida,0.0,2025-08-15 18:36:22.643674
"[1, 2, 3, 4, 5, 6]",Combinación inválida,0.0,2025-08-15 18:36:22.643990
"[1, 2, 3, 4, 5, 6]",Combinación inválida,0.0,2025-08-15 18:36:22.644313
"[1, 2, 3, 4, 5, 6]",Combinación inválida,0.0,2025-08-15 18:36:22.644647
"[1, 2, 3, 4, 5, 6]",Combinación inválida,0.0,2025-08-15 18:36:22.644960
"[1, 2, 3, 4, 5, 6]",Combinación inválida,0.0,2025-08-15 18:36:22.645278
"[1, 2, 3, 4, 5, 6]",Combinación inválida,0.0,2025-08-15 18:36:22.645591
"[1, 2, 3, 4, 5, 6]",Combinación inválida,0.0,2025-08-15 18:36:22.645898
"[1, 2, 3, 4, 5, 6]",Combinación inválida,0.0,2025-08-15 18:36:22.646210
"[1, 2, 3, 4, 5, 6]",Combinación inválida,0.0,2025-08-15 18:36:22.646519
"[1, 2, 3, 4, 5, 6]",Combinación inválida,0.0,2025-08-15 18:36:22.646828
"[1, 2, 3, 4, 5, 6]",Combinación inválida,0.0,2025-08-15 18:36:22.647155
"[1, 2, 3, 4, 5, 6]",Combinación inválida,0.0,2025-08-15 18:36:22.647486
"[1, 2, 3, 4, 5, 6]",Combinación inválida,0.0,2025-08-15 18:36:22.647797
"[1, 2, 3, 4, 5, 6]",Combinación inválida,0.0,2025-08-15 18:36:22.648105
"[1, 2, 3, 4, 5, 6]",Combinación inválida,0.0,2025-08-15 18:36:22.648416
"[1, 2, 3, 4, 5, 6]",Combinación inválida,0.0,2025-08-15 18:36:22.648753
"[1, 2, 3, 4, 5, 6]",Combinación inválida,0.0,2025-08-15 18:36:22.649065
"[1, 2, 3, 4, 5, 6]",Combinación inválida,0.0,2025-08-15 18:36:22.649373
"[1, 2, 3, 4, 5, 6]",Combinación inválida,0.0,2025-08-15 18:36:22.649683
"[1, 2, 3, 4, 5, 6]",Combinación inválida,0.0,2025-08-15 18:36:22.649990
"[1, 2, 3, 4, 5, 6]",Combinación inválida,0.0,2025-08-15 18:36:22.650299
"[1, 2, 3, 4, 5, 6]",Combinación inválida,0.0,2025-08-15 18:36:22.650641
"[1, 2, 3, 4, 5, 6]",Combinación inválida,0.0,2025-08-15 18:36:22.650957
"[1, 2, 3, 4, 5, 6]",Combinación inválida,0.0,2025-08-15 18:36:22.651266
"[1, 2, 3, 4, 5, 6]",Combinación inválida,0.0,2025-08-15 18:36:22.651602
"[1, 2, 3, 4, 5, 6]",Combinación inválida,0.0,2025-08-15 18:36:22.651925
"[1, 2, 3, 4, 5, 6]",Combinación inválida,0.0,2025-08-15 18:36:22.652236
"[1, 2, 3, 4, 5, 6]",Combinación inválida,0.0,2025-08-15 18:36:22.652560
"[1, 2, 3, 4, 5, 6]",Combinación inválida,0.0,2025-08-15 18:36:22.652875
"[1, 2, 3, 4, 5, 6]",Combinación inválida,0.0,2025-08-15 18:36:22.653196
"[1, 2, 3, 4, 5, 6]",Combinación inválida,0.0,2025-08-15 18:36:22.653512
"[1, 2, 3, 4, 5, 6]",Combinación inválida,0.0,2025-08-15 18:36:22.653828
"[1, 2, 3, 4, 5, 6]",Combinación inválida,0.0,2025-08-15 18:36:22.654150
"[1, 2, 3, 4, 5, 6]",Combinación inválida,0.0,2025-08-15 18:36:22.654478
"[1, 2, 3, 4, 5, 6]",Combinación inválida,0.0,2025-08-15 18:36:22.654791
"[1, 2, 3, 4, 5, 6]",Combinación inválida,0.0,2025-08-15 18:36:22.655115
"[1, 2, 3, 4, 5, 6]",Combinación inválida,0.0,2025-08-15 18:36:22.655426
"[1, 2, 3, 4, 5, 6]",Combinación inválida,0.0,2025-08-15 18:36:22.655736
"[1, 2, 3, 4, 5, 6]",Combinación inválida,0.0,2025-08-15 18:36:22.656051
"[1, 2, 3, 4, 5, 6]",Combinación inválida,0.0,2025-08-15 18:36:22.656360
"[1, 2, 3, 4, 5, 6]",Combinación inválida,0.0,2025-08-15 18:36:22.656673
"[1, 2, 3, 4, 5, 6]",Combinación inválida,0.0,2025-08-15 18:36:22.656982
"[1, 2, 3, 4, 5, 6]",Combinación inválida,0.0,2025-08-15 18:36:22.657293
"[1, 2, 3, 4, 5, 6]",Combinación inválida,0.0,2025-08-15 18:36:22.657605
"[1, 2, 3, 4, 5, 6]",Combinación inválida,0.0,2025-08-15 18:36:22.657915
"[1, 2, 3, 4, 5, 6]",Combinación inválida,0.0,2025-08-15 18:36:22.658231
"[1, 2, 3, 4, 5, 6]",Combinación inválida,0.0,2025-08-15 18:36:22.658554
"[1, 2, 3, 4, 5, 6]",Combinación inválida,0.0,2025-08-15 18:36:22.658874
"[1, 2, 3, 4, 5, 6]",Combinación inválida,0.0,2025-08-15 18:36:22.659201
"[1, 2, 3, 4, 5, 6]",Combinación inválida,0.0,2025-08-15 18:36:22.659512
"[1, 2, 3, 4, 5, 6]",Combinación inválida,0.0,2025-08-15 18:36:22.659830
"[1, 2, 3, 4, 5, 6]",Combinación inválida,0.0,2025-08-15 18:36:22.660148
"[1, 2, 3, 4, 5, 6]",Combinación inválida,0.0,2025-08-15 18:36:22.660465
"[1, 2, 3, 4, 5, 6]",Combinación inválida,0.0,2025-08-15 18:36:22.660784
"[1, 2, 3, 4, 5, 6]",Combinación inválida,0.0,2025-08-15 18:36:22.661114
"[1, 2, 3, 4, 5, 6]",Combinación inválida,0.0,2025-08-15 18:36:22.661432
"[1, 2, 3, 4, 5, 6]",Combinación inválida,0.0,2025-08-15 18:36:22.661745
"[1, 2, 3, 4, 5, 6]",Combinación inválida,0.0,2025-08-15 18:36:22.662063
"[1, 2, 3, 4, 5, 6]",Combinación inválida,0.0,2025-08-15 18:36:22.662373
"[1, 2, 3, 4, 5, 6]",Combinación inválida,0.0,2025-08-15 18:36:22.662685
"[1, 2, 3, 4, 5, 6]",Combinación inválida,0.0,2025-08-15 18:36:22.662994
"[1, 2, 3, 4, 5, 6]",Combinación inválida,0.0,2025-08-15 18:36:22.663307
"[1, 2, 3, 4, 5, 6]",Combinación inválida,0.0,2025-08-15 18:36:22.663619
"[1, 2, 3, 4, 5, 6]",Combinación inválida,0.0,2025-08-15 18:36:22.663936
"[1, 2, 3, 4, 5, 6]",Combinación inválida,0.0,2025-08-15 18:36:22.664247
"[1, 2, 3, 4, 5, 6]",Combinación inválida,0.0,2025-08-15 18:36:22.664580
"[1, 2, 3, 4, 5, 6]",Combinación inválida,0.0,2025-08-15 18:36:22.664930
"[1, 2, 3, 4, 5, 6]",Combinación inválida,0.0,2025-08-15 18:36:22.665298
"[1, 2, 3, 4, 5, 6]",Combinación inválida,0.0,2025-08-15 18:36:22.665627
"[1, 2, 3, 4, 5, 6]",Combinación inválida,0.0,2025-08-15 18:36:22.665977
"[1, 2, 3, 4, 5, 6]",Combinación inválida,0.0,2025-08-15 18:36:22.666323
"[1, 2, 3, 4, 5, 6]",Combinación inválida,0.0,2025-08-15 18:36:22.666669
"[1, 2, 3, 4, 5, 6]",Combinación inválida,0.0,2025-08-15 18:36:22.667020
"[1, 2, 3, 4, 5, 6]",Combinación inválida,0.0,2025-08-15 18:36:22.667382
"[1, 2, 3, 4, 5, 6]",Combinación inválida,0.0,2025-08-15 18:36:22.667700
"[1, 2, 3, 4, 5, 6]",Combinación inválida,0.0,2025-08-15 18:36:22.668033
"[1, 2, 3, 4, 5, 6]",Combinación inválida,0.0,2025-08-15 18:36:22.668347
"[1, 2, 3, 4, 5, 6]",Combinación inválida,0.0,2025-08-15 18:36:22.668656
"[1, 2, 3, 4, 5, 6]",Combinación inválida,0.0,2025-08-15 18:36:22.668967
"[1, 2, 3, 4, 5, 6]",Combinación inválida,0.0,2025-08-15 18:36:22.669300
"[1, 2, 3, 4, 5, 6]",Combinación inválida,0.0,2025-08-15 18:36:22.669612
"[1, 2, 3, 4, 5, 6]",Combinación inválida,0.0,2025-08-15 18:36:22.669921
"[1, 2, 3, 4, 5, 6]",Combinación inválida,0.0,2025-08-15 18:36:22.670231
"[1, 2, 3, 4, 5, 6]",Combinación inválida,0.0,2025-08-15 18:36:22.670545
"[1, 2, 3, 4, 5, 6]",Combinación inválida,0.0,2025-08-15 18:36:22.670857
"[1, 2, 3, 4, 5, 6]",Combinación inválida,0.0,2025-08-15 18:36:22.671165
"[1, 2, 3, 4, 5, 6]",Combinación inválida,0.0,2025-08-15 18:36:22.671473
"[1, 2, 3, 4, 5, 6]",Combinación inválida,0.0,2025-08-15 18:36:22.671803
"[1, 2, 3, 4, 5, 6]",Combinación inválida,0.0,2025-08-15 18:36:22.672160
"[1, 2, 3, 4, 5, 6]",Combinación inválida,0.0,2025-08-15 18:36:22.672476
"[1, 2, 3, 4, 5, 6]",Combinación inválida,0.0,2025-08-15 18:36:22.672786
"[1, 2, 3, 4, 5, 6]",Combinación inválida,0.0,2025-08-15 18:36:22.673093
"[1, 2, 3, 4, 5, 6]",Combinación inválida,0.0,2025-08-15 18:36:22.673420
"[1, 2, 3, 4, 5, 6]",Combinación inválida,0.0,2025-08-15 18:36:22.673737
"[1, 2, 3, 4, 5, 6]",Combinación inválida,0.0,2025-08-15 18:36:22.674049
"[1, 2, 3, 4, 5, 6]",Combinación inválida,0.0,2025-08-15 18:36:22.674367
"[1, 2, 3, 4, 5, 6]",Combinación inválida,0.0,2025-08-15 18:36:22.674679
"[1, 2, 3, 4, 5, 6]",Combinación inválida,0.0,2025-08-15 18:36:22.674987
"[1, 2, 3, 4, 5, 6]",Combinación inválida,0.0,2025-08-15 18:36:22.675298
"[1, 2, 3, 4, 5, 6]",Combinación inválida,0.0,2025-08-15 18:36:22.675605
"[1, 2, 3, 4, 5, 6]",Combinación inválida,0.0,2025-08-15 18:36:22.675915
"[1, 2, 3, 4, 5, 6]",Combinación inválida,0.0,2025-08-15 18:36:22.676224
"[1, 2, 3, 4, 5, 6]",Combinación inválida,0.0,2025-08-15 18:36:22.676533
"[1, 2, 3, 4, 5, 6]",Combinación inválida,0.0,2025-08-15 18:36:22.676845
"[1, 2, 3, 4, 5, 6]",Combinación inválida,0.0,2025-08-15 18:36:22.677154
"[1, 2, 3, 4, 5, 6]",Combinación inválida,0.0,2025-08-15 18:36:22.677471
"[1, 2, 3, 4, 5, 6]",Combinación inválida,0.0,2025-08-15 18:36:22.677784
"[1, 2, 3, 4, 5, 6]",Combinación inválida,0.0,2025-08-15 18:36:22.678096
"[1, 2, 3, 4, 5, 6]",Combinación inválida,0.0,2025-08-15 18:36:22.678402
"[1, 2, 3, 4, 5, 6]",Combinación inválida,0.0,2025-08-15 18:36:22.678713
"[1, 2, 3, 4, 5, 6]",Combinación inválida,0.0,2025-08-15 18:36:22.679021
"[1, 2, 3, 4, 5, 6]",Combinación inválida,0.0,2025-08-15 18:36:22.679331
"[1, 2, 3, 4, 5, 6]",Combinación inválida,0.0,2025-08-15 18:36:22.679640
"[1, 2, 3, 4, 5, 6]",Combinación inválida,0.0,2025-08-15 18:36:22.679951
"[1, 2, 3, 4, 5, 6]",Combinación inválida,0.0,2025-08-15 18:36:22.680261
"[1, 2, 3, 4, 5, 6]",Combinación inválida,0.0,2025-08-15 18:36:22.680576
"[1, 2, 3, 4, 5, 6]",Combinación inválida,0.0,2025-08-15 18:36:22.680887
"[1, 2, 3, 4, 5, 6]",Combinación inválida,0.0,2025-08-15 18:36:22.681198
"[1, 2, 3, 4, 5, 6]",Combinación inválida,0.0,2025-08-15 18:36:22.681510
"[1, 2, 3, 4, 5, 6]",Combinación inválida,0.0,2025-08-15 18:36:22.681825
"[1, 2, 3, 4, 5, 6]",Combinación inválida,0.0,2025-08-15 18:36:22.682133
"[1, 2, 3, 4, 5, 6]",Combinación inválida,0.0,2025-08-15 18:36:22.682444
"[1, 2, 3, 4, 5, 6]",Combinación inválida,0.0,2025-08-15 18:36:22.682755
"[1, 2, 3, 4, 5, 6]",Combinación inválida,0.0,2025-08-15 18:36:22.683063
"[1, 2, 3, 4, 5, 6]",Combinación inválida,0.0,2025-08-15 18:36:22.683374
"[1, 2, 3, 4, 5, 6]",Combinación inválida,0.0,2025-08-15 18:36:22.683682
"[1, 2, 3, 4, 5, 6]",Combinación inválida,0.0,2025-08-15 18:36:22.683990
"[1, 2, 3, 4, 5, 6]",Combinación inválida,0.0,2025-08-15 18:36:22.684300
"[1, 2, 3, 4, 5, 6]",Combinación inválida,0.0,2025-08-15 18:36:22.684606
"[1, 2, 3, 4, 5, 6]",Combinación inválida,0.0,2025-08-15 18:36:22.684914
"[1, 2, 3, 4, 5, 6]",Combinación inválida,0.0,2025-08-15 18:36:22.685221
"[1, 2, 3, 4, 5, 6]",Combinación inválida,0.0,2025-08-15 18:36:22.685530
"[1, 2, 3, 4, 5, 6]",Combinación inválida,0.0,2025-08-15 18:36:22.685836
"[1, 2, 3, 4, 5, 6]",Combinación inválida,0.0,2025-08-15 18:36:22.686145
"[1, 2, 3, 4, 5, 6]",Combinación inválida,0.0,2025-08-15 18:36:22.686452
"[1, 2, 3, 4, 5, 6]",Combinación inválida,0.0,2025-08-15 18:36:22.686760
"[1, 2, 3, 4, 5, 6]",Combinación inválida,0.0,2025-08-15 18:36:22.687067
"[1, 2, 3, 4, 5, 6]",Combinación inválida,0.0,2025-08-15 18:36:22.687378
"[1, 2, 3, 4, 5, 6]",Combinación inválida,0.0,2025-08-15 18:36:22.687687
"[1, 2, 3, 4, 5, 6]",Combinación inválida,0.0,2025-08-15 18:36:22.688000
"[1, 2, 3, 4, 5, 6]",Combinación inválida,0.0,2025-08-15 18:36:22.688311
"[1, 2, 3, 4, 5, 6]",Combinación inválida,0.0,2025-08-15 18:36:22.688620
"[1, 2, 3, 4, 5, 6]",Combinación inválida,0.0,2025-08-15 18:36:22.688930
"[1, 2, 3, 4, 5, 6]",Combinación inválida,0.0,2025-08-15 18:36:22.689238
"[1, 2, 3, 4, 5, 6]",Combinación inválida,0.0,2025-08-15 18:36:22.689545
"[1, 2, 3, 4, 5, 6]",Combinación inválida,0.0,2025-08-15 18:36:22.689854
"[1, 2, 3, 4, 5, 6]",Combinación inválida,0.0,2025-08-15 18:36:22.690163
"[1, 2, 3, 4, 5, 6]",Combinación inválida,0.0,2025-08-15 18:36:22.690475
"[1, 2, 3, 4, 5, 6]",Combinación inválida,0.0,2025-08-15 18:36:22.690784
"[1, 2, 3, 4, 5, 6]",Combinación inválida,0.0,2025-08-15 18:36:22.691092
"[1, 2, 3, 4, 5, 6]",Combinación inválida,0.0,2025-08-15 18:36:22.691399
"[1, 2, 3, 4, 5, 6]",Combinación inválida,0.0,2025-08-15 18:36:22.691709
"[1, 2, 3, 4, 5, 6]",Combinación inválida,0.0,2025-08-15 18:36:22.692017
"[1, 2, 3, 4, 5, 6]",Combinación inválida,0.0,2025-08-15 18:36:22.692344
"[1, 2, 3, 4, 5, 6]",Combinación inválida,0.0,2025-08-15 18:36:22.692741
"[1, 2, 3, 4, 5, 6]",Combinación inválida,0.0,2025-08-15 18:36:22.693227
"[1, 2, 3, 4, 5, 6]",Combinación inválida,0.0,2025-08-15 18:36:22.693621
"[1, 2, 3, 4, 5, 6]",Combinación inválida,0.0,2025-08-15 18:36:22.693970
"[1, 2, 3, 4, 5, 6]",Combinación inválida,0.0,2025-08-15 18:36:22.694300
"[1, 2, 3, 4, 5, 6]",Combinación inválida,0.0,2025-08-15 18:36:22.694623
"[1, 2, 3, 4, 5, 6]",Combinación inválida,0.0,2025-08-15 18:36:22.694945
"[1, 2, 3, 4, 5, 6]",Combinación inválida,0.0,2025-08-15 18:36:22.695265
"[1, 2, 3, 4, 5, 6]",Combinación inválida,0.0,2025-08-15 18:36:22.695584
"[1, 2, 3, 4, 5, 6]",Combinación inválida,0.0,2025-08-15 18:36:22.695899
"[1, 2, 3, 4, 5, 6]",Combinación inválida,0.0,2025-08-15 18:36:22.696218
"[1, 2, 3, 4, 5, 6]",Combinación inválida,0.0,2025-08-15 18:36:22.696536
"[1, 2, 3, 4, 5, 6]",Combinación inválida,0.0,2025-08-15 18:36:22.696851
"[1, 2, 3, 4, 5, 6]",Combinación inválida,0.0,2025-08-15 18:36:22.697168
"[1, 2, 3, 4, 5, 6]",Combinación inválida,0.0,2025-08-15 18:36:22.697481
"[1, 2, 3, 4, 5, 6]",Combinación inválida,0.0,2025-08-15 18:36:22.697796
"[1, 2, 3, 4, 5, 6]",Combinación inválida,0.0,2025-08-15 18:36:22.698109
"[1, 2, 3, 4, 5, 6]",Combinación inválida,0.0,2025-08-15 18:36:22.698422
"[1, 2, 3, 4, 5, 6]",Combinación inválida,0.0,2025-08-15 18:36:22.698733
"[1, 2, 3, 4, 5, 6]",Combinación inválida,0.0,2025-08-15 18:36:22.699050
"[1, 2, 3, 4, 5, 6]",Combinación inválida,0.0,2025-08-15 18:36:22.699364
"[1, 2, 3, 4, 5, 6]",Combinación inválida,0.0,2025-08-15 18:36:22.699678
"[1, 2, 3, 4, 5, 6]",Combinación inválida,0.0,2025-08-15 18:36:22.699992
"[1, 2, 3, 4, 5, 6]",Combinación inválida,0.0,2025-08-15 18:36:22.700311
"[1, 2, 3, 4, 5, 6]",Combinación inválida,0.0,2025-08-15 18:36:22.700623
"[1, 2, 3, 4, 5, 6]",Combinación inválida,0.0,2025-08-15 18:36:22.700941
"[1, 2, 3, 4, 5, 6]",Combinación inválida,0.0,2025-08-15 18:36:22.701255
"[1, 2, 3, 4, 5, 6]",Combinación inválida,0.0,2025-08-15 18:36:22.701571
"[1, 2, 3, 4, 5, 6]",Combinación inválida,0.0,2025-08-15 18:36:22.701884
"[1, 2, 3, 4, 5, 6]",Combinación inválida,0.0,2025-08-15 18:36:22.702197
"[1, 2, 3, 4, 5, 6]",Combinación inválida,0.0,2025-08-15 18:36:22.702509
"[1, 2, 3, 4, 5, 6]",Combinación inválida,0.0,2025-08-15 18:36:22.702834
"[1, 2, 3, 4, 5, 6]",Combinación inválida,0.0,2025-08-15 18:36:22.703147
"[1, 2, 3, 4, 5, 6]",Combinación inválida,0.0,2025-08-15 18:36:22.703459
"[1, 2, 3, 4, 5, 6]",Combinación inválida,0.0,2025-08-15 18:36:22.703772
